8,11,-14,18,-4,-6,9,1,-8,6,4,-8,5,-7,-9,17,-9,8,6,-27,10,16,-9,2,-10,-1,10,4,-19,10,1,3,7,-18,5,15,-13,1,8,-17,6,-2,-12,12,2,-10,13,6,-9,10,-5,-2,18,-9,1,6,-11,-2,17,-9,4,6,-13,19,-1,-5,9,-10,-5,12,-2,-6,1,-7,3,18,-14,-9,8,-14,13,9,-3,13,-8,-14,10,9,7,9,-12,-13,15,-14,6,11,-12,1,11,-23,3,6,-9,11,-2,-15,7,4,0,15,-9,-10,15,-12,4,10,-6,6,3,-21,7,11,-11,9,8,-9,4,-3,-1,8,-4,-7,20,-14,0,14,-9,2,8,-4,-3,14,-25,16,1,-18,13,0,-5,19,-7,-8,12,-12,2,5,-3,11,7,-18,1,10,-16,18,7,-10,9,1,-14,16,0,-10,8,-11,5,15,-1,5,-7,-33,13,15,-10,12,0,-17,13,-1,1,9,-6,-14,17,-7,-8,16,-13,4,7,-9,12,5,-21,-5,3,-8,18,-14,-11,16,10,0,4,-4,-3,12,-13,2,6,-14,6,4,-14,7,3,-14,23,-3,-5,14,-3,-19,4,4,3,6,4,2,-2,-16,11,3,-13,23,12,-21,2,4,-3,8,-4,-9,13,9,-21,-1,-5,8,19,-18,-5,11,-9,6,2,-17,15,-6,-10,17,3,-12,6,-14,-7,26,7,2,-2,-21,5,9,-9,11,6,4,66,-1,-13,-824,-2438,-1429,-397,-558,459,-257,-78,35,157,71,32,-22,-17,-76,-95,-8,49,-26,27,18,31,-27,-1,-14,-11,36,11,-23,2,-4,15,34,-25,-6,14,-3,18,-3,-16,-10,-13,-14,18,16,-10,38,-33,5,8,0,8,23,-305,-208,-4,56,-115,-89,26,75,63,39,30,11,-20,-26,-53,0,48,-13,-43,-15,32,0,31,17,-16,14,-29,-9,-9,-9,32,18,-19,-7,22,4,4,-11,-33,7,3,23,11,-24,-17,17,6,31,7,-17,-19,-30,2,48,17,-14,-23,-35,5,57,22,-19,-30,-39,14,49,2,11,-6,-47,17,13,-1,-3,-8,-25,-1,10,0,3,-6,13,13,-6,3,2,-1,6,8,-16,10,-24,-9,34,17,-8,-3,-36,4,37,-1,0,-18,-27,4,49,-3,1,-39,-43,37,34,7,-23,-12,-9,39,8,-23,-15,-12,10,23,-24,1,4,-10,0,1,3,19,4,-16,-4,0,7,19,-19,-23,18,12,7,9,-23,-2,0,0,11,1,-16,18,-6,-14,9,2,1,9,-15
-15,3,0,6,15,-22,-9,22,-8,8,2,-28,2,19,-12,4,-5,-4,24,5,-14,4,-8,-9,21,8,2,-13,-15,20,27,-24,12,8,-20,-17,-38,-21,29,27,11,3,-22,-21,-2,-13,49,51,17,-10,-40,-13,22,35,-29,-51,-84,72,89,-48,-59,-19,42,85,59,-19,-44,-23,-38,-20,34,-2,12,34,-5,-7,-18,-10,38,27,-10,-31,-52,-10,65,29,-21,-14,1,47,21,-23,-28,-3,-29,26,17,6,39,10,-26,-53,0,45,7,-20,-101,4,49,49,18,-12,-43,-19,-14,-14,-3,43,61,12,-42,-38,4,21,17,-5,6,18,-1,7,-2,-49,2,-11,-29,-29,-12,13,32,16,-5,13,5,0,12,-1,-5,9,-10,9,15,0,-6,9,-6,-7,-1,-6,23,0,-26,-1,-9,2,8,-26,49,9,-5,-6,19,-14,9,2,-24,0,13,-10,-1,-3,2,3,0,1,16,1,-6,8,-19,1,19,-16,5,12,-20,-12,18,11,11,-2,-10,25,-4,-32,17,-4,4,19,-15,-9,9,5,-13,12,0,2,8,-16,8,10,-36,25,1,-16,18,-5,-9,11,-3,-6,16,0,0,6,-19,3,18,-18,-2,10,-18,19,-8,-12,8,8,-6,6,-13,-7,12,-7,4,18,-15,-10,-6,-13,17,8,-18,16,-6,-100,57,29,10,69,38,-44,-33,-44,2,40,-45,-491,629,-26,-363,-336,-76,26,143,176,109,90,38,73,-29,-43,-30,-14,-15,8,-7,-12,24,15,-8,5,-12,-10,9,-17,1,25,-123,43,-10,-39,5,14,-18,16,-10,-1,24,-17,-21,-1,-11,13,9,14,30,-18,-31,9,7,-6,7,4,-8,24,-5,-14,6,1,8,-3,-9,-10,14,-22,15,15,-1,-5,-17,-3,32,-4,-14,12,-17,-6,6,-10,21,19,-19,-15,17,-1,9,-1,-28,19,12,-1,8,-3,-13,20,3,-7,12,-15,2,8,-17,18,1,-5,10,1,-26,-2,-16,-1,17,-13,-5,23,8,-15,-17,-13,10,20,-8,-10,13,-20,-3,1,-8,20,5,-23,10,1,-5,13,-8,-18,13,-8,9,6,-19,12,20,-3,-19,1,-23,17,32,-7,0,-7,-17,8,13,12,1,-25,-11,17,7,13,-12,-25,3,9,-1,16,11,-19,8,-21,-9,27,9,-6,3,-19,-9,25,-1,11,3,-20,-5,12,-1,3,-8,-2,19,0,-12,15,2,-37,11,9,0,20,-9,-1,10,-13,-28,-27,52,29,-7,-27,6,24,-26,-23,15,19,-10,-11,0,35
32,-44,-43,67,-20,-36,-4,44,66,-38,-38,1,17,-46,31,-12,23,6,19,-5,-13,-41,31,26,3,-43,-17,11,17,-3,22,-7,8,28,-13,-21,2,-32,15,29,-7,-3,-8,-23,16,19,-8,0,2,49,-6,4,-15,11,7,-5,10,-1,5,13,-44,-14,37,15,-18,1,-10,14,6,-32,-3,17,-1,32,-5,-47,-16,3,11,40,33,-24,-5,-17,-4,37,-18,-6,8,7,-13,10,-6,18,23,-18,-25,-13,-20,36,-24,-20,21,1,-9,42,-28,-9,-3,-16,-5,10,-2,-1,16,8,-12,2,-29,11,36,-7,-5,-2,-4,12,-7,-13,8,-6,13,12,-28,8,7,-9,13,0,-13,9,-9,4,17,-15,-21,22,-3,0,-2,-6,20,5,-25,-10,18,-13,27,10,-22,2,-8,-10,35,11,-9,-5,-16,-9,10,-4,10,18,-14,-21,-8,-12,29,18,-17,10,-1,-16,10,9,-5,15,-4,-3,2,-17,-6,24,-8,-1,4,-16,-4,7,-14,8,7,-11,7,-1,-1,9,-11,-10,23,-16,-7,12,-13,9,5,-16,1,18,1,3,-4,-21,18,10,-7,8,-15,-6,12,1,2,8,-21,3,13,-19,2,11,-11,18,5,-10,10,-5,5,20,7,-52,-13,-28,0,-94,517,-131,-2778,428,-4392,2747,-2405,-112,32,-308,353,673,281,395,-30,-46,-85,-154,-102,-92,-12,-1,50,15,34,97,7,-69,-62,-51,51,67,3,18,-35,-45,19,4,-11,17,9,1,4,-22,-2,7,-9,-4,7,-19,10,25,-3,9,-17,-19,18,-7,-7,13,1,1,18,0,-5,-6,-26,11,10,0,9,-4,-26,16,16,-9,16,-14,-13,27,13,-17,4,-12,-11,3,0,9,18,-2,6,14,-18,-11,-8,-12,31,-2,-23,3,10,13,18,-7,-18,0,-16,-8,12,1,8,1,-9,10,3,-31,4,0,-2,26,-12,-13,5,0,-1,5,-18,17,20,-6,-7,-9,-11,7,9,-1,18,-21,-8,32,4,-16,13,-22,-23,9,10,5,18,-16,-5,22,-7,4,-3,-40,12,17,1,9,-20,-26,27,25,9,-8,-33,-11,29,8,-1,-3,-19,19,7,-20,18,9,-26,7,8,2,8,-13,-28,20,18,17,9,-33,-20,10,12,14,-5,-32,9,19,4,-6,-25,0,46,12,-44,-14,-22,16,50,-10,-15,-6,-14,17,19,0,-8,-9,-16,26,6,-16,0,2,-4,13,3,-10,9,-13,0,28,-5,-5,3,-23,10,16,-17,-16,-15,22,50,-9,-21,6,-8,7
-22,22,18,-1,-35,11,52,-3,-48,-5,10,-15,-36,31,60,-1,-34,-6,2,-30,-7,44,35,5,-15,1,-18,-61,-2,63,13,0,2,-15,1,-28,-21,39,28,-18,11,7,-11,-2,-24,-12,36,17,5,-10,-34,8,25,-17,-5,-3,-6,30,11,-33,-9,22,-18,24,18,-17,-18,-20,39,35,-15,-24,18,11,21,-29,-22,19,-14,19,32,-27,-20,15,4,0,-50,3,-6,-7,10,28,-1,85,-46,13,9,-41,4,3,47,39,0,-21,-25,-12,-6,-5,17,29,-20,-6,20,-16,3,-4,-6,7,0,-1,28,-8,-24,6,-3,6,14,-24,-9,14,-5,9,14,-15,3,7,-16,22,0,-19,15,-17,-16,25,14,-12,5,-9,-6,19,-5,3,0,-20,3,5,-3,14,4,-33,4,-9,9,33,-9,-28,2,8,0,18,-21,-8,4,-2,14,17,-26,1,-2,-11,20,-3,-9,8,4,-1,-2,-12,-10,19,14,1,0,-40,-2,15,18,36,-21,-53,-7,34,36,19,-21,-60,6,28,35,23,-39,-52,1,23,42,21,-57,-37,14,25,22,1,-36,-10,-3,10,26,-14,-19,5,0,1,27,-22,-10,13,-9,-1,3,-17,8,7,-7,10,1,-8,15,-3,-8,14,-5,-2,7,-12,0,16,-13,0,9,-7,-1,1,-22,16,9,-10,18,2,-13,6,-3,-5,21,-9,-35,22,-15,52,7,-23,-36,-493,1652,424,-602,-621,34,-348,-2,-33,156,109,130,148,-168,151,-189,-45,217,-165,77,59,-27,7,-7,-80,0,22,-1,281,763,-440,-402,-46,69,-39,-51,35,78,36,72,13,-28,-26,-26,-85,55,-52,-1,9,15,-1,23,15,-9,1,-24,-10,2,-10,6,20,-5,0,1,-16,12,7,-6,7,-11,-13,6,-5,-9,17,-2,0,15,-10,-2,4,-20,3,9,-13,18,13,-17,2,-1,-12,9,-5,-19,9,2,-3,21,-18,14,-2,-19,-3,24,-10,17,-5,-21,5,15,-8,3,-4,-12,10,5,-2,9,-20,-8,9,-4,5,7,-16,5,13,-11,10,-6,-6,7,0,-7,11,-2,9,12,-12,-22,-14,13,10,6,-17,-1,19,-10,5,0,-16,4,2,-7,11,-2,-9,19,-3,1,5,-14,6,19,-13,7,0,-15,13,3,-13,7,2,-5,5,3,-13,14,-2,0,16,-16,-4,3,-12,6,10,-17,8,2,-8,19,2,-12,6,2,-8,14,0,-9,10,-9,2,13,-14,3,9,-3,9,0,-20,5,10,-2,22,-1,-17,8,-2
-3,6,-11,0,20,-3,-8,5,-14,11,10,-10,11,4,-14,9,-4,-29,-6,7,5,-13,-24,7,63,37,0,-33,-17,27,-25,-80,-3,67,80,13,-109,-51,50,27,32,15,-27,-35,1,-21,-36,18,60,36,-6,-38,-9,10,-74,4,76,43,-7,-50,-35,31,2,-8,22,10,-12,13,-2,-11,27,-16,21,-76,-26,38,6,-23,3,8,-10,-1,0,8,4,-11,-9,-2,-10,-3,47,-4,-6,5,-30,13,-27,-31,15,-9,-14,7,31,11,-39,-19,37,35,-54,-10,19,-22,8,88,-50,14,-7,-13,88,-12,-11,3,-40,-13,39,-14,-10,44,-3,25,-18,-30,10,34,-11,7,19,10,-2,-1,-27,24,3,-13,12,-10,8,6,-5,-12,10,-15,6,7,-17,8,8,-1,-2,-3,-18,6,6,1,11,-11,-15,3,-6,9,15,-9,1,13,-16,6,9,-12,19,-5,-17,17,-5,-5,9,-2,-1,11,-12,-4,23,-4,0,1,-20,4,9,-7,13,3,-14,7,5,-1,14,-7,-19,5,0,-6,24,-21,-3,-5,-11,17,14,-23,-3,3,-8,17,7,-12,15,-9,-8,15,-2,-2,14,-18,-4,9,-5,8,3,-11,8,6,-15,17,-1,-18,10,-6,-10,16,-3,0,14,-3,2,16,-14,8,5,-17,2,8,-11,10,2,-13,10,-4,-12,13,-12,-9,17,-1,-3,11,-13,4,10,-17,3,6,-12,13,4,-141,62,-3938,6459,2594,-1679,-848,51,-96,464,159,43,122,-4,-7,9,-6,-101,32,44,-48,59,-11,-50,24,-9,29,-19,14,10,-7,-18,-16,-1,-10,12,25,-8,9,-1,-12,13,-10,-26,-2,3,-6,20,8,-3,14,-12,6,7,-22,-4,4,-7,16,16,-14,12,-7,-17,10,-3,-2,14,-4,-11,10,-9,5,8,-13,-1,12,-9,11,6,-22,7,0,-15,14,10,3,11,-2,-12,14,-15,-7,8,-17,-1,17,-13,4,13,-23,16,-2,-17,8,-8,-1,15,1,-9,13,-16,-6,19,-9,4,5,-18,2,10,-8,11,2,-24,14,-1,1,15,-1,-12,5,-12,-3,15,-16,11,6,-12,13,10,-17,9,-3,-20,18,6,6,15,-6,-14,6,2,-3,5,-5,0,4,-11,15,11,-18,-5,0,-8,21,-10,-9,11,3,-6,5,-1,-10,12,-13,9,14,-12,4,5,-19,4,8,-9,18,-1,-9,6,3,-9,4,0,-3,14,-11,-4,6,-3,3,4,-13,13,3,-14,2,-4,-13,19,3,-13,18,-6,-4,8,-22,3,22
-4,-7,-3,-17,-7,12,8,12,-2,-11,18,-8,-42,27,24,-18,-3,-11,9,42,-21,-40,-26,12,65,48,-52,-9,9,-48,6,44,27,-16,-37,3,5,-22,-11,52,11,-39,-6,5,13,-2,-20,31,16,-42,25,13,-10,4,-23,1,21,-5,-20,6,-21,10,22,-9,-3,25,-29,21,-18,1,50,-22,-9,-9,7,14,5,-8,0,10,-22,1,14,-19,-3,11,0,10,5,-10,14,-14,-8,-25,-9,-8,30,9,12,27,-1,-5,-13,-17,9,25,-12,2,14,-5,23,-1,-9,1,-1,-18,12,-7,-9,16,-8,5,24,-18,10,-14,-17,4,5,-8,13,-1,11,21,5,-14,-1,-18,-10,22,-2,3,18,-2,4,-4,-33,-6,14,-7,13,-8,-3,26,6,-7,7,-15,-5,22,-7,-4,-4,-16,6,22,-12,-9,3,-18,20,2,-15,15,-4,-8,14,0,-13,11,-11,3,15,-16,4,16,-17,0,12,-13,8,3,-11,15,-8,-16,13,2,4,15,-14,-7,12,-7,5,11,-20,6,0,-12,17,0,-9,15,-3,-12,12,-13,-3,23,-7,-3,13,-22,3,9,-9,7,7,-14,5,6,-13,10,-11,-16,20,-2,0,5,-6,-15,17,-9,6,2,-12,4,9,-8,4,9,-20,15,-5,-6,4,-2,-9,15,0,-8,5,-12,8,21,-14,1,167,-51,8,19,-3,16,-2,-11,10,-10,54,-8,6,-3,11,-8,-4,8,-7,7,12,-19,7,4,42,29,13,-1072,1400,-130,151,-2599,-778,619,445,590,375,176,-88,-267,65,-97,-262,-129,27,69,66,18,25,-40,-43,-12,5,16,27,3,10,2,-35,-5,19,-6,11,6,-12,14,-3,-24,16,0,-16,2,5,10,24,-2,-6,-3,-32,-5,11,-2,26,5,-25,13,3,-3,14,2,-15,2,-28,11,41,-5,-14,-1,-22,13,4,-18,11,14,10,1,-18,-32,19,13,-17,0,3,19,20,-9,-9,-2,-17,1,19,-11,3,4,-10,20,0,-15,7,-10,-10,6,2,-6,14,-2,1,3,-22,7,19,-12,10,7,-21,11,5,-2,-1,-6,-13,8,4,-5,16,-4,-14,0,-11,13,7,-6,8,6,-18,9,18,-9,16,-17,-20,7,-4,-1,8,3,-8,8,-6,3,9,-16,4,1,-16,10,16,-9,12,-1,-14,8,5,0,8,-12,-11,18,-5,4,7,-21,4,25,-11,-4,-7,-6,7,6,-6,9,-13,-6,29,-1,-11,11,-12,5,16,-21,-3,4,5,15,14,-16,8,-3,-25,19
-1,-2,13,-18,0,8,0,2,-6,-12,12,15,-14,4,-6,-4,5,1,-7,13,-7,-3,16,0,-6,-2,-6,6,6,-6,15,4,-18,0,-2,-12,23,9,-14,9,-2,-12,-8,-4,6,22,-11,-4,1,-13,-4,36,-21,-12,0,22,36,-29,-26,10,12,-10,1,-10,9,37,-12,-21,-12,-23,24,30,-26,-19,11,45,54,-74,-47,62,28,-28,-27,17,15,-11,-12,10,11,-17,-20,36,-3,12,29,-21,-14,-23,-18,22,43,24,13,-22,-15,17,-20,-10,-4,-14,12,31,-34,-2,5,-6,20,6,-23,11,-16,-16,20,5,10,-16,-12,0,2,8,-9,22,-14,-10,1,-35,22,-11,-41,44,63,-42,-27,-38,68,17,-33,0,4,-7,19,3,-30,34,19,-30,-9,16,-2,0,-15,-15,22,-1,0,14,-15,1,13,-2,-8,6,-28,20,29,-20,-24,3,-8,27,-2,16,3,-16,6,12,-18,-6,31,-11,-23,8,-5,24,23,-36,-9,9,-14,25,8,-20,1,-1,2,-1,-18,14,22,-13,-9,-7,-17,31,30,-34,2,4,-21,21,17,-12,-7,-2,-8,25,-2,-4,0,-11,-2,6,3,3,-9,-17,9,5,-9,22,1,-24,15,15,-21,12,0,-4,15,-4,-5,8,-16,8,18,-8,-2,-12,2,26,0,-9,-1,-9,-1,19,-9,-9,9,-8,5,16,-5,2,7,-24,0,17,-12,11,0,-25,10,4,-2,10,2,-9,5,-16,3,22,-11,2,5,-19,10,10,-18,23,4,-14,9,-14,-12,17,31,-9,8,-9,-2,14,-19,10,7,-14,-42,-24,24,32,-3,-15,1,-10625,7713,-2135,837,-723,-310,-462,-105,-26,73,70,-27,10,43,-124,-26,13,-9,18,99,-43,-1,-31,-4,-15,47,10,-10,-6,-18,-10,36,-12,-3,-1,-8,18,14,-10,10,-22,-17,22,-4,0,9,-7,3,26,-11,-1,1,-16,-1,8,-7,13,9,-20,8,12,-12,-8,-1,0,14,-5,-3,0,-16,-4,36,-16,-11,-5,-19,33,12,-24,7,-12,2,19,-10,-12,30,6,0,-2,-25,1,20,-5,4,-12,-20,22,12,-7,9,-6,-12,2,2,-3,24,-19,-8,4,-4,15,7,-27,3,13,-9,18,2,-25,1,7,2,15,-13,-10,18,-8,-8,5,-9,1,13,-20,10,15,-10,9,0,-16,18,-13,-14,18,-5,-2,15,-4,-2,0,-14,11,5,-14,10,8,-9,10,-1,-11,23,-6,-8,1,-6,5,12,-15,-3,14,-14,4,7,-25,6,19,-18,-5
0,-15,11,-1,-7,10,1,-7,10,-8,-12,17,-1,-9,1,-14,4,20,-11,7,-5,-9,20,-1,-15,0,0,0,13,6,6,-2,-27,5,21,-16,1,-1,-21,6,23,-11,12,0,-15,-6,6,0,16,-5,-1,22,-30,-25,22,-15,8,12,-27,18,-4,-17,28,-3,-12,9,18,-10,-10,11,-1,8,-18,12,9,-19,2,17,-22,6,17,-13,9,-4,-9,7,0,-1,18,-4,-9,-7,1,3,21,-13,1,-1,-6,-4,6,-2,-1,-11,3,13,-22,5,23,-8,-21,1,-1,27,16,-33,0,5,0,5,9,-16,16,-1,-23,5,12,0,12,-3,3,11,-19,-8,6,-1,6,5,-19,10,16,-32,7,48,-19,30,-41,-26,31,18,-11,-20,-15,15,23,-9,1,9,-26,-9,-1,14,43,0,-51,6,13,6,20,-6,-10,-4,-21,19,34,-31,-27,5,4,32,8,-15,-1,0,9,13,-18,-28,31,7,-1,18,-17,-23,13,9,24,3,-33,-23,12,18,41,-10,-48,1,26,-1,21,-13,-34,7,12,23,11,-39,-24,11,12,27,0,-38,-9,25,4,23,-10,-38,8,-9,2,39,-14,-19,11,-3,9,-4,-22,17,12,-17,8,-2,-4,11,0,-12,16,-7,-8,12,-9,4,11,-12,-3,4,-13,4,7,-12,11,-6,-11,21,5,-14,10,1,-10,12,-3,-5,4,-11,-3,10,-13,6,2,-11,8,2,-10,15,-11,-4,23,-12,-14,10,-2,0,15,-13,-1,2,-18,21,16,-21,5,1,-10,12,8,-8,6,-9,-16,18,-3,-3,12,-16,-1,8,-13,1,5,-15,7,4,-9,10,-1,-13,9,-1,-10,9,-5,-3,14,-6,-4,13,-17,-5,7,-16,17,8,-19,-10,0,-26,-4,1,-14,10,-12,-1288,9026,-3461,260,-407,-185,-260,25,-150,172,83,115,-38,-98,-53,-79,-57,41,-14,61,-132,118,-43,8,-18,-29,-3,13,-19,16,1,-13,6,0,-17,31,-8,2,10,22,-11,3,-6,-31,103,-4,-114,-44,-34,50,-50,-33,0,0,19,35,3,-26,11,-13,-35,29,-45,-33,17,11,49,20,-23,-5,5,-8,-5,-2,-6,34,10,-10,-4,-14,2,15,-9,-4,17,-12,-2,18,-9,5,5,-18,10,7,-12,11,2,-6,16,10,-5,1,-6,3,9,-11,7,11,-10,3,7,-14,6,3,-15,19,2,-9,12,-5,-8,14,-2,-6,12,-11,-11,18,-13,6,7,-24,6,13,-12,11,2,-12,12,-9,-21,13,3,-2,16,-14,-10
18,-10,2,8,-21,5,9,-13,20,1,-13,5,-2,-2,14,-6,-10,10,-4,3,17,-14,-1,3,-18,5,8,14,12,7,-26,-7,0,-9,24,-8,-11,13,2,23,-1,-26,-4,13,-20,-4,38,9,-9,-29,-21,47,27,-13,6,-42,-32,38,26,21,-7,-25,19,0,-50,19,17,-15,21,10,-18,1,-7,-3,18,-5,-1,19,-1,10,-10,-43,-18,21,32,15,-16,-21,13,14,-5,6,-9,-15,-8,4,15,17,-10,-2,-4,-14,-26,-8,-9,34,42,-19,15,18,-19,-16,-26,-20,18,-5,-20,15,2,3,7,-7,9,3,-29,5,47,-37,-30,12,8,55,23,-11,3,-25,-29,12,3,-5,22,-9,-7,4,-9,18,19,-24,-10,5,-8,22,0,-24,3,-11,-8,30,22,-9,-7,-19,0,7,2,5,6,-27,-8,28,-2,5,-23,-21,19,3,7,18,-8,-15,5,-11,8,26,-14,-6,-6,-19,21,21,-22,-1,1,-11,16,4,-9,2,-14,1,15,-6,-12,7,-2,10,16,-21,-7,9,-11,13,12,-26,4,0,0,19,0,-13,-1,-8,1,18,-19,-4,11,-13,9,10,-17,0,1,-10,16,10,-23,-1,2,0,8,-8,-6,16,-9,2,9,-13,2,8,-10,7,3,-19,9,10,-14,14,-4,-14,19,13,-8,6,-14,-15,20,-9,8,9,-24,-4,18,-4,17,-5,-22,7,4,-5,23,-9,-16,8,-1,-10,17,-9,-5,10,-18,4,25,-18,4,-1,-14,18,13,-10,-4,-11,-4,-157,-707,4109,-4109,-1257,-2119,572,344,-83,206,90,40,-143,-68,-95,-153,-153,20,5,31,28,25,97,55,-125,-51,-30,-26,43,78,-1,-16,5,-35,-14,-4,3,47,23,1,-22,-25,-7,9,-4,7,18,-9,2,12,-9,-3,-7,-16,12,7,-11,12,-1,-19,16,-9,-8,8,-5,-9,12,-3,5,10,-24,-1,6,-10,19,1,-19,6,9,-10,19,7,-48,21,32,-40,44,-4,12,-7,-37,11,5,-1,-12,5,-6,28,-8,-14,1,5,-6,0,-12,3,11,-2,-13,23,-12,-1,6,-21,6,18,-9,8,0,-17,10,3,11,-16,3,-13,12,0,3,26,-16,-4,-16,-14,25,35,-27,-3,2,-2,24,-15,-15,17,5,-9,8,1,5,11,-25,-6,10,-14,5,10,-15,13,2,-1,12,-18,-23,16,17,-23,15,-9,-20,6,3,17,-3,-15,6,10,-20,23,-2,-19,3,5,-5,14,-16,-13,12,-2,6,15,-14,-12,11,4,21,1,-29
6,13,-9,3,-8,-13,18,14,-12,8,-7,-13,12,-10,-1,16,0,-7,-9,-5,22,13,-34,-5,-3,-6,26,-6,-16,7,6,1,13,-14,-15,18,-7,-1,15,-16,-5,15,-11,8,1,-15,13,-2,-6,19,6,-13,1,-7,-1,24,-18,4,14,-19,-6,16,-10,-2,4,5,11,-28,-34,13,41,-1,-9,-5,5,21,-24,-47,19,14,28,37,-16,7,-19,-60,12,15,7,60,-2,-21,-19,-31,-8,13,3,5,26,-1,2,-7,-28,29,22,-68,-18,8,68,1,-3,-21,25,-15,-56,20,2,4,26,-70,29,50,-33,-1,10,-40,-5,27,-7,21,-10,-73,9,-1,67,7,-3,-13,1,-13,0,19,-16,8,-5,-14,-5,11,-32,12,5,-9,27,-20,-4,27,-4,-31,-97,41,82,-2,-7,7,-6,-3,23,33,2,-5,-5,-15,20,0,0,32,-12,-4,5,-5,-14,12,-15,-1,22,-7,-8,-7,-31,15,12,-6,18,-10,-12,18,1,0,12,-12,-11,16,-24,12,20,-32,-8,13,-12,10,8,-9,-1,-6,-22,29,16,-2,16,-30,-26,16,10,5,9,-27,-1,13,-14,8,16,-13,10,5,-23,12,6,-6,13,-17,-14,22,2,-6,10,-14,-1,16,-15,5,6,-19,5,4,-6,12,0,-9,9,-5,-12,19,-1,-5,8,-15,2,13,-18,0,19,-10,4,2,-22,9,9,-6,8,-17,-13,20,2,-7,11,-16,-6,17,-11,5,13,-24,-4,1,-17,22,19,-13,-5,-12,-36,67,-14,-16,6,-19,-6,-1165,11606,-1242,252,-259,-28,-140,88,-111,131,52,106,15,5,-34,-35,-9,44,-27,58,-42,14,-26,56,-50,17,20,9,17,-11,-30,4,-5,-4,15,19,-8,11,-6,-5,0,-17,29,8,-57,18,-159,57,37,36,-71,-77,16,39,-3,-33,-19,35,38,11,8,-14,33,22,-32,-31,3,-32,-16,54,8,15,54,-33,2,-7,3,14,-12,-2,20,3,-13,4,-9,7,23,-8,3,-2,-22,9,0,-10,40,14,-18,9,2,-5,13,-9,-12,6,-13,5,16,-9,0,9,-18,5,10,-16,6,1,-8,11,-1,-7,16,-6,-4,13,-4,-6,6,-2,4,5,-20,6,10,-7,8,3,-4,8,-2,-20,-5,-9,12,25,3,-13,-7,-21,17,30,-11,-14,-10,-19,21,19,-7,7,-13,-15,15,4,-1,4,-6,-3,13,-3,8,3,-18,12,5,-15,6,0,-16,19,0,-15,9,1,0,16,-12,-13,16,6,-19,8,-33,-5,48
-11,4,17,-31,1,11,8,11,-21,-23,27,0,-21,8,-16,4,9,-1,17,5,-21,-22,4,-3,42,16,-15,7,-31,-45,17,21,6,0,-15,10,0,-42,22,75,20,-25,-60,-36,33,16,6,15,-3,-20,0,6,9,11,-8,-22,6,9,7,17,-24,3,-4,-4,14,17,2,-4,6,-15,7,-31,-4,28,3,-5,6,-9,-9,11,-1,10,16,-36,-5,18,5,10,1,-35,19,8,2,6,-16,-35,8,12,13,39,-30,-31,-1,-14,9,80,-22,-4,8,-13,8,-1,-34,7,-6,-4,18,-7,-26,33,6,3,-2,-30,11,21,0,9,-7,-28,14,16,-20,19,-15,-37,36,7,-48,11,-4,9,14,-25,-6,12,-21,-17,7,9,-2,1,-24,11,-3,-9,20,-2,-8,8,5,2,12,-21,-12,23,-7,-5,11,-16,4,14,-12,20,7,-23,-1,7,-16,19,-10,-16,22,-12,-15,8,-9,16,16,-14,-2,1,-21,16,15,-10,2,-4,-7,20,2,-11,16,-3,-10,16,-17,-11,14,-13,5,3,-13,2,12,-19,15,3,-9,16,-7,-10,4,-5,-8,14,-3,-6,9,-17,8,7,-15,5,7,-11,11,7,-16,10,-5,-10,22,5,-10,10,-15,-3,22,0,11,-4,-21,1,14,-12,7,3,-18,13,-1,-7,12,-1,-15,11,4,-8,9,-9,-2,16,-18,-2,16,-18,5,9,-24,10,6,4,18,-1,-16,1,-10,-1,10,-9,-1,24,-8,-7,9,-14,5,16,-16,6,1,-17,13,3,-14,8,-3,-8,14,-3,-15,10,-4,19,15,-29,-6,17,-6,16,12,-27,-11,1,-11,20,6,-12,3,-2,0,14,-7,-3,13,-14,0,13,-17,6,5,-23,10,3,-14,43,-6,44,-5286,-502,-1143,-104,-59,-19,94,60,-60,126,87,12,-15,-46,-104,-20,-11,48,-11,41,5,4,-8,-3,-29,-2,5,-1,1,25,-32,-4,9,-20,17,10,-6,13,13,-25,6,-6,-3,13,-8,-4,6,3,5,14,-18,-9,10,-16,-7,3,1,12,3,-14,9,-11,-9,20,0,-8,8,14,-7,-1,-17,-5,6,-8,8,31,-15,3,-6,1,5,-22,-23,20,10,2,11,-7,-22,6,-9,6,21,-9,5,1,-15,12,22,-27,-5,1,-7,29,-1,-22,10,0,-5,23,-10,-17,7,-7,17,14,-17,-6,9,-11,20,0,-23,16,0,-4,15,3,-8,3,-17,-4,25,-3,-5,4,-15,2,8,-17,9,6,-21,23,3,-9,12,-2,-17,14,-2,-1
13,-7,3,8,-15,-1,16,-12,2,3,-15,8,7,-7,16,-3,-6,5,-10,-10,14,0,2,17,-15,-1,-2,-21,6,18,-12,21,2,-16,17,-6,-13,2,-19,9,30,-19,-14,25,-15,-10,-10,32,24,8,-32,-21,-17,8,41,9,-34,5,19,-5,-9,-20,9,14,-10,-1,24,-3,-3,9,-33,-7,26,12,15,-10,-26,17,-7,-14,12,10,0,9,-20,-10,10,1,2,13,-19,-1,12,-7,11,-4,-22,10,8,0,6,-13,-7,23,5,-8,2,-10,3,9,-11,2,9,-17,6,6,-14,17,3,-16,9,-3,-9,6,-6,-6,14,0,-3,17,-2,3,7,-37,2,15,2,1,-11,-22,18,8,15,26,-27,-44,19,4,2,13,-13,17,32,-6,-4,-4,-23,16,-7,-23,10,7,3,8,-3,-12,21,-10,-23,13,-2,5,16,-21,5,2,-18,13,1,-21,31,9,-40,72,-42,1,13,-22,-3,34,-10,-16,11,-2,6,-8,-20,10,23,-4,4,-9,-30,7,10,0,21,-14,-21,12,-1,-1,13,-4,2,7,-16,-4,11,-10,5,9,-15,6,-1,-10,13,-3,-9,11,-4,-8,17,-7,1,6,-18,5,13,-13,8,2,-14,10,6,-7,14,4,-13,0,-17,3,45,-15,-6,10,-38,-17,30,19,2,-9,-25,15,1,-10,16,8,-13,10,-7,-11,19,4,-6,10,-20,9,3,-19,9,13,-11,9,-1,-16,16,-1,-12,5,5,-8,-2,1,-19,5,27,3,1,-13,-1,-3,-20,21,5,-20,15,17,-7,2,-9,4,24,-12,-20,15,8,0,8,-16,6,14,-17,0,17,-5,9,-4,-15,7,-2,-5,14,-6,-2,20,9,-28,30,-12,-26,40,-5,-16,4,-4,18,-4,5,-3,-23,-12,35,9,-21,0,-1,7,8,-8,-9,9,-9,9,10,-12,7,32,-62,9,18,-8,8,3,-7900,259,-604,-88,-614,-53,-191,199,-229,40,62,113,-41,26,-78,-84,42,56,17,10,-29,23,5,-2,-16,14,18,15,-69,0,-3,-16,-245,-30,261,-2,2,-36,69,-24,-66,-3,-3,2,16,12,-5,11,-169,104,14,-34,-3,-12,-6,298,-14,1,2,18,17,-1,-1,-18,2,5,-1,22,-16,-13,13,-9,7,0,-12,7,12,-15,-4,2,-11,16,-17,-15,32,0,0,22,-15,-31,-4,-3,18,8,-19,-1,8,0,-3,0,-8,17,1,-18,12,4,-1,4,-8,-3,-9,5,3,15,-18,-2,10,-14,15,-3,-16,5,0,-4,14,-6
-14,8,-4,-10,-1,1,4,15,-10,0,6,-4,2,4,-21,6,8,-9,6,1,-7,11,-4,-8,9,2,-7,0,-8,-3,7,-8,4,12,-16,-2,10,-9,20,2,-25,7,-2,-5,20,-10,-5,17,-8,-10,6,-8,-9,13,-18,16,10,-9,21,8,-40,-7,-13,-3,14,0,-5,48,13,-24,-35,-20,17,77,5,-31,-11,-49,11,4,-22,50,37,-5,0,-53,-7,60,0,-35,2,22,17,-33,-43,32,28,1,-23,11,-9,2,5,11,3,3,-25,1,22,-22,19,-29,13,26,-21,-19,-3,2,22,10,-33,21,3,-9,17,-6,-13,16,-9,-5,-1,-5,-8,-4,-1,16,14,-34,12,34,-1,0,5,-22,8,-15,-5,6,-8,-4,5,12,-24,6,5,7,14,-46,-14,14,-12,-8,-24,-23,35,-24,-25,6,17,0,23,-20,-5,9,-1,1,-1,-9,1,11,8,-8,0,-26,7,27,-18,5,7,-11,16,-15,-7,18,-10,-10,19,-7,1,10,-28,-3,11,-13,14,5,-17,6,0,-4,13,-7,-3,17,-9,-9,12,-9,0,8,-11,7,15,-15,6,7,-27,19,6,-10,18,-5,-9,18,-18,-6,12,10,14,-8,-15,-4,19,-6,4,-8,-6,24,-2,-24,8,15,-3,8,-9,-4,25,-10,-4,4,-16,0,18,-12,7,0,-8,15,1,-10,9,7,-6,-1,-6,-15,22,-3,-11,-5,-4,7,19,-27,-6,15,-6,4,-6,-13,14,3,-17,18,2,-8,14,-29,20,7,-12,4,4,15,-24,17,-16,-1,32,-26,19,-10,-12,18,-6,-15,8,-2,-6,16,-13,-3,8,-6,0,8,-6,3,0,-7,8,8,-18,7,9,112,115,-121,214,1051,62,-288,-258,-10,-59,43,46,66,76,85,76,-63,-70,-8,41,-5,25,15,-26,14,-16,-17,13,-1,8,8,-17,-8,0,-8,-2,11,9,19,6,-12,21,-14,-5,2,7,-28,9,8,-2,19,0,11,8,-101,161,-13,-52,47,-94,28,-27,7,25,66,27,5,-18,-53,3,17,0,12,9,-6,0,-1,-17,7,3,-11,14,1,-13,7,-1,-13,10,5,5,6,-21,1,11,-19,1,8,-9,10,0,-3,17,-10,-19,18,6,-10,6,-8,-6,20,-5,-3,2,-12,1,13,-13,6,12,-15,4,-1,-9,13,-1,-6,10,-2,-10,6,-4,-3,10,-16,7,13,-9,3,1,-20,13,2,-17,8,-1,-10,14,8,-3,5,-11,-4,9,-4,9,7,-25,6,13,-13,10,4,-17,10
-3,-5,16,-8,-9,5,-7,-4,15,-10,-1,5,-6,3,2,-13,6,9,-14,14,3,-6,15,-12,-6,11,-3,-7,16,-18,8,-3,-32,14,28,1,6,6,-14,-8,-21,-13,25,14,-10,6,-4,-1,22,-23,-35,0,10,49,32,-25,-15,-44,-29,60,15,-27,-17,12,52,17,-43,-26,-1,-24,-23,38,63,31,-27,-21,1,-13,-94,1,90,63,-31,-39,-15,36,-11,-30,27,28,-16,-11,-21,12,31,-6,-7,4,-18,4,7,-13,17,12,-27,6,18,-6,5,-12,-10,12,4,0,16,-17,-5,14,-15,4,4,-14,5,-13,-12,37,13,-10,-5,-6,-6,-3,-18,-9,22,-4,-3,13,-19,8,18,-31,4,4,-9,13,3,-25,4,-1,-13,1,-3,-28,18,-4,-5,20,-22,7,16,-14,2,-3,-15,4,0,-13,12,1,-7,18,6,4,9,-25,-9,23,5,-13,-3,-13,12,18,-30,-6,10,3,11,5,-4,14,-3,-25,2,-13,-5,23,-10,-1,9,-13,8,11,-13,-7,8,-15,16,7,-15,9,9,-4,15,-8,-17,18,-8,-5,5,-7,8,11,-20,5,11,-16,8,7,-9,8,-6,-21,21,17,-7,-2,-12,2,16,-5,2,6,-15,-6,6,-15,13,9,-17,13,3,-8,15,-7,-7,12,4,-7,13,-11,8,11,-14,0,2,-11,12,5,-26,7,8,-5,16,-9,-12,13,2,-6,18,-17,-5,15,-12,11,12,-22,6,17,-15,14,-3,-18,11,-4,-12,13,-1,-11,13,1,-9,8,-6,-3,12,-20,0,16,-21,12,-3,-11,27,4,-14,12,-1,-8,15,-8,-7,12,-5,7,14,-22,-8,16,-8,10,10,-18,4,-1,-11,14,2,-9,20,4,-15,5,-12,-7,16,-5,1,16,-11,21,38,-7,5,-13,-1,17,-5,3,14,6,-15,11,-4,1,7,-3,-4,10,-10,8,17,-20,3,2,-18,59,164,-133,76,-9,362,-260,302,-409,-276,145,398,-71,-111,-34,-42,-58,-1,61,-25,24,-54,-43,20,7,-12,6,10,-1,10,-10,-4,9,-3,-4,0,-9,8,3,-23,9,8,-10,16,3,-15,14,12,-3,10,-10,-12,14,-4,3,14,-18,6,4,-21,4,17,-12,4,-7,-6,18,4,-13,2,-18,-2,10,-5,5,15,-4,4,6,-18,0,10,-15,8,7,-6,15,0,-20,11,0,3,11,-11,-13,29,0,-6,-3,-6,8,13,-25,1,11,-2,10,1,-17,19,-6,-9,-2,0,2,13,-3,-12,13,-17,-1,9,-15
4,5,-13,6,9,-4,13,5,-15,4,-7,-6,14,3,-11,9,-16,11,10,-16,-6,13,-15,2,0,-14,24,4,-12,9,-5,-11,17,-6,-1,8,-15,-5,23,-7,3,9,-18,3,17,-11,9,-7,-14,12,-1,-9,13,-14,-8,10,-1,3,14,-8,2,4,-22,9,13,-11,8,2,-14,16,3,-6,12,-7,-19,8,8,4,6,-19,-3,7,-14,8,2,-16,17,3,-17,10,-1,-6,13,-7,-12,18,3,-11,9,-19,-12,26,-4,8,10,-19,6,8,-15,8,0,-12,18,-2,-12,3,-4,-5,15,-1,-11,7,-10,7,14,-1,1,8,-24,2,18,-4,12,-13,-4,9,7,-10,19,-8,-11,7,-7,-7,8,-14,-3,7,-14,21,3,-25,6,15,3,29,-23,-23,12,13,-11,-18,-13,42,43,-24,-40,-14,8,31,-15,-21,53,40,-51,-8,-10,-35,34,4,-6,29,25,11,9,-56,-29,21,15,-24,17,-17,4,8,-22,31,19,-13,8,-15,7,-15,-19,-3,8,0,0,-5,-8,-7,17,-13,-12,24,-11,20,-9,-13,13,3,26,3,-7,-20,-3,1,5,5,-11,-6,17,9,8,-12,-32,15,24,-14,-3,-7,-8,14,-16,-12,21,5,-7,-2,-7,15,10,-10,-7,4,-10,13,-3,-6,10,-20,8,11,-6,-11,7,6,-4,0,-7,3,15,-9,0,11,-17,0,3,-10,18,13,-10,10,-4,-7,8,-5,-15,15,-4,-4,6,-17,3,6,-8,2,12,-9,8,10,-22,9,4,-11,16,-3,-10,10,-6,-3,14,-12,0,15,-14,-6,19,-9,0,9,-12,4,0,-9,12,-2,-1,18,-6,-15,18,-6,-9,15,-10,-3,12,-1,9,-4,-8,13,0,-16,9,13,-8,11,-6,-15,16,-1,-6,10,-8,7,7,-6,2,10,-14,-2,8,-8,15,-5,-10,8,0,-9,11,-9,3,11,-5,-3,0,-11,5,9,-21,7,11,-15,6,3,-8,21,0,-15,8,1,-4,14,-4,-8,11,-7,4,9,-9,1,13,-17,4,0,-7,11,-4,-6,18,1,-14,8,-12,4,6,53,70,-2,0,206,15,-313,314,-8140,2292,2120,-2333,-118,-395,-4,12,75,49,85,63,26,-40,94,-78,-28,5,19,6,30,-31,14,49,35,-101,-41,47,10,-5,30,9,-53,-41,20,41,9,2,-28,-5,25,-13,-20,-8,7,28,6,-13,12,-2,-18,25,2,-35,-10,10,41,18,-28,-20,25,-13,2,9,-33,11,21,-14,6,-1,-12,13,6,-8,14
-5,-13,8,-3,4,0,-16,1,8,-10,24,5,-24,10,0,-6,14,-2,-16,9,-5,-2,29,0,5,-3,-42,-6,28,12,12,5,-36,9,21,8,-1,-20,-29,18,16,19,-12,-18,-9,21,2,14,-7,-34,1,38,-4,-14,-15,-6,24,23,2,3,-33,-22,23,26,14,-1,-51,-12,26,24,10,-2,-26,6,-1,-5,8,-3,-4,25,1,-15,0,-5,6,29,-19,-4,3,-15,9,25,-23,-1,6,-9,16,9,-5,-1,-10,-3,14,-6,-4,8,-10,-19,20,20,8,-4,-36,5,15,-5,26,5,-28,-8,5,8,22,-1,-20,-9,-16,11,30,-5,-6,7,-14,-15,21,-3,0,-4,2,16,-17,-28,21,13,4,16,-29,-28,21,14,12,0,-37,3,15,-12,12,16,-24,-2,8,-13,9,13,6,-7,-18,-11,17,14,7,0,-23,-11,18,4,13,-1,-8,17,-1,-30,4,24,-20,-9,-23,-29,17,4,33,91,-14,-84,-28,-12,-34,179,115,-124,-103,-126,114,159,-78,-65,-9,51,27,-89,-14,35,11,35,-4,-23,-23,-26,16,33,29,-44,-1,28,19,-4,-13,-29,18,-12,3,12,-9,-1,-5,-22,-10,21,9,19,17,-23,-10,-6,0,32,-25,-1,4,6,-6,23,9,-24,-12,-10,-40,50,9,-5,16,-5,4,3,-4,-31,-5,14,31,8,-29,14,9,-26,11,9,4,29,-23,-16,10,-4,0,12,-10,21,12,-19,15,-5,-1,23,2,-24,0,-19,4,43,1,-9,-13,-23,27,30,-30,-14,6,5,6,-2,-10,3,3,1,0,-25,3,37,0,-13,3,-14,3,6,-14,11,11,-13,4,-10,-8,22,-7,-10,14,2,-13,8,-10,2,17,-10,8,10,-24,-1,13,-1,14,-5,-26,3,-3,1,16,23,-24,-9,-3,5,30,-2,-10,2,-26,17,50,-20,-9,-11,-15,127,-25,-130,-33,-27,-51,50,46,-890,1044,1386,30,-909,-16,-457,154,210,117,48,-10,-10,20,-49,-42,-37,56,45,-16,14,31,-44,-16,-17,-1,22,30,-19,1,-13,-31,12,25,-13,17,12,-6,5,-10,-23,-11,2,15,18,-8,-18,16,-12,-3,20,-2,-2,-13,-27,19,21,1,26,-21,-27,18,8,-12,5,-5,-2,9,-9,6,18,-12,-20,-34,8,65,5,-22,-17,-14,-7,21,0,-14,8,-5,-2,18,-6,-22,2,-5,-5,5,11,26,-11,-32,13,20,2,4,-21,-22,23,12,-7,5,-8,-6,13,-11,-2,8,-2,8,-1,-21,9,30,-5
1,-25,-5,37,-2,-31,8,5,13,18,-25,-18,10,0,14,14,-16,-1,-10,-7,28,-1,-7,19,-3,-19,3,3,9,21,-25,-19,7,-4,20,6,-12,5,1,-14,13,9,-5,-1,-12,-3,22,9,-14,16,-14,-23,15,13,21,-1,-37,-14,10,2,31,-3,-21,5,1,-7,15,-5,-8,12,-13,0,21,4,-3,2,-26,1,21,-1,19,-7,-36,4,12,12,18,-11,-18,6,-14,-3,32,-6,2,-6,-29,5,30,-8,3,-7,-21,11,7,-3,10,-25,-31,20,11,-21,-3,-18,40,67,-44,-79,-5,56,74,18,-80,-48,-21,-29,38,103,27,-16,-32,-50,29,-43,-29,23,26,44,-1,-34,22,9,-35,-55,-8,32,27,16,-13,-10,-5,-19,-2,26,0,12,-8,-9,4,-21,-4,35,-2,-5,-2,-27,42,-5,-9,11,-31,-4,10,-17,-5,-47,62,1,15,-6,5,19,-22,-17,19,-16,-10,9,-24,29,1,-12,24,-24,-5,36,-12,-7,10,-23,-18,20,-17,-18,17,25,22,-10,-31,10,32,-5,5,-24,-14,43,2,-11,-14,-17,-3,16,-22,23,31,-16,-9,-17,-5,29,8,-21,7,15,7,0,-24,10,10,-16,-5,6,-13,9,16,-5,3,-1,-12,-2,11,12,9,-11,-13,26,-2,-18,-6,1,3,24,-5,3,8,-22,-6,4,-6,23,-5,-22,-2,-4,3,25,-8,-16,10,-3,-8,21,2,-2,14,-27,-13,14,10,15,-5,-28,8,4,-9,30,12,-25,-12,3,12,7,-7,-6,-3,-29,8,33,-1,-5,-13,-23,21,21,1,4,-14,-27,16,20,-5,7,-16,-10,13,3,1,12,-26,7,20,-8,3,11,-11,10,-2,-4,23,1,-19,9,-4,-6,13,-12,1,8,-28,13,25,-17,0,10,-18,16,-12,5,25,-9,-14,-8,0,-6,21,-2,4,8,-21,4,24,-9,4,-4,-22,10,9,-7,15,-7,-10,10,-7,1,18,-9,-2,-4,-21,14,19,-84,-242,-1594,283,-5766,-2158,-190,37,538,246,304,56,-87,-367,-28,-187,-86,-68,59,99,59,-30,-11,-41,-20,8,15,9,6,-28,-2,-5,6,6,-4,2,20,-15,-16,-1,1,21,14,-42,-20,9,15,33,14,-23,0,-19,-4,16,8,1,6,-26,-3,18,13,3,-1,-30,0,26,8,23,-11,-35,1,1,9,-24,101,-108,18,-45,24,43,-12,-23,11,-14,22,16,-9,9,-19,-9,13,9,-3,1,-8,-13,19,-4,-3,9,-17,-1,3,-15,12,22,-20,3,4
-2,5,-1,-6,5,-2,-6,18,-7,2,16,-17,-13,21,-3,4,4,-12,8,3,-16,5,3,0,20,-16,-15,12,-1,-6,3,-12,1,2,-21,6,16,-9,5,6,-13,9,3,-11,16,-4,-12,13,-4,11,12,-14,-30,12,-3,12,11,-22,6,34,-18,-29,-10,-15,3,17,38,59,-12,-68,26,17,-16,-39,-27,32,22,0,31,-4,-8,9,1,-41,-15,18,45,0,23,-25,-3,-37,-6,25,8,-11,28,-9,7,-1,-12,16,9,-24,-8,8,-3,16,-7,-5,19,0,-19,10,-2,3,-1,-23,11,17,-7,-1,1,-9,19,0,-21,4,3,1,1,-11,-5,28,-11,-16,13,-4,9,5,-28,5,7,-9,15,14,-19,6,1,-3,23,-8,-14,26,-11,-14,11,-21,7,17,-20,-4,6,-13,28,-25,20,21,-7,-20,-219,78,-13,-1,-20,-6,32,23,13,-2,-31,-3,24,-4,11,-9,-27,13,-20,-20,3,10,5,31,-34,-7,41,18,-2,3,-33,31,82,8,-7,-1,-21,3,-11,-5,6,-7,27,33,-18,-34,1,-21,5,17,-14,-5,19,-4,0,-8,-7,5,6,1,14,2,-29,-1,0,6,28,-13,-8,5,-18,6,27,-16,-2,6,-4,9,-24,1,29,8,-25,4,-16,5,22,-12,2,5,-25,13,27,-10,-19,9,-19,-2,6,-4,25,1,-27,3,-2,8,32,-21,-27,6,9,3,12,-10,16,6,-23,8,30,-9,-10,-5,0,11,-11,6,10,-16,-5,23,-19,-10,16,-3,9,7,-3,-2,-17,-14,32,25,-28,-17,3,-2,29,6,-33,-10,13,22,1,-42,16,30,-24,-26,5,18,40,-17,-39,10,17,13,22,-16,-37,4,12,6,-2,6,-2,9,-27,-16,21,35,17,-34,-54,16,46,39,-10,-59,-14,39,22,-25,-12,-10,20,19,-25,-22,18,20,13,-22,-33,19,27,-3,-10,-1,9,-6,-11,-10,25,29,-16,-22,-40,26,42,-12,-16,-7,-4,23,0,-18,11,19,-15,-17,-9,0,39,0,-20,-7,-24,21,26,-14,1,3,-13,17,-2,0,8,-5,-16,7,0,0,14,-13,-22,13,-2,13,12,-19,-3,13,-7,13,-1,-17,5,3,-2,16,-9,-12,13,-10,-2,17,-13,-1,11,-7,10,7,-15,1,0,-10,23,3,-17,-4,1,-2,22,-2,-13,4,-14,14,12,-24,-5,3,-1,13,7,-13,1,-4,-3,11,-6,-11,7,-1,-1,23,-12,3,2,-25,4,15,-1,5,-4,-14,16,5,-29,19
8,-2,21,-9,12,153,-1336,5762,-1626,-899,-11,89,-151,23,-44,18,38,0,43,-42,-92,-22,77,-5,0,36,3,9,-11,-40,1,36,-10,28,3,-30,1,-135,204,-963,-494,-385,120,-19,14,36,133,43,82,71,19,-25,-81,-11,-24,-30,-1,12,8,29,-3,11,22,-4,23,-25,-21,-9,20,-3,10,6,-20,-28,5,3,12,1,-18,12,2,-4,9,-6,-5,6,-3,6,12,-13,7,19,-26,-2,5,-7,19,-7,-31,12,16,-4,20,-12,-28,5,1,5,18,-10,1,-1,-27,8,14,0,1,-8,-28,7,18,-3,21,-11,-11,12,-9,-7,14,-4,0,7,-25,8,22,-9,7,-9,-18,16,8,-10,9,-8,-2,12,-14,-8,16,-2,3,8,-21,8,15,-12,-3,-3,-12,18,2,-6,16,-6,-9,14,-4,-5,10,-9,-4,4,-13,7,4,-19,5,12,-13,5,-4,-16,14,13,-7,9,-10,-14,18,-4,1,16,-12,6,23,-22,4,6,-16,6,5,-13,9,0,-14,26,-16,-34,-20,-6,-3,74,13,-51,-16,7,100,38,-54,-45,-1,-48,9,61,30,-47,-51,-38,60,-41,-12,89,33,-8,0,-58,-39,-28,44,44,-3,-45,23,34,31,-1,-65,-40,-22,41,18,3,40,-7,4,-28,-39,-15,-4,47,21,18,10,2,-15,-17,-14,-12,25,11,20,-2,-60,2,21,3,13,25,-32,-24,-11,-11,36,6,2,26,-2,-12,-2,-13,-3,15,-19,10,19,2,1,1,-28,0,19,-1,-4,0,-13,-3,-11,-2,8,2,0,10,-2,-8,14,-10,2,5,-13,10,6,-16,2,10,-3,17,-3,-26,8,1,-1,18,-18,-10,10,-4,14,5,-19,-8,6,4,15,-5,-19,8,15,-4,14,-3,-14,5,-4,6,8,-10,-2,6,-20,12,16,-21,7,2,-14,8,1,-7,16,-1,-13,16,-15,-10,16,-17,0,6,-20,-5,18,-15,14,4,-19,23,8,-8,11,-11,-6,7,-7,-6,17,-6,-1,4,-10,4,6,-24,-3,1,-6,27,0,-3,1,-11,-12,6,-9,2,30,-11,-5,7,-10,4,9,-11,6,3,-11,16,-3,-11,16,0,-8,13,-7,-15,14,-5,4,1,-16,-1,13,-9,5,6,-21,9,4,-3,17,-9,-8,11,-3,-9,9,-12,4,8,-18,6,20,-3,-2,-5,-16,3,7,-6,5,7,-6,2,-4,-7,18,2,5,5,-22,4,14,-14,5,10,-21,0,9,-10,15,2,-18,3,-6,-3,28,-13,-17,8,-7,13
10,-21,10,19,-28,-26,68,-21,163,-26,-41,34,-355,244,-30,-292,802,56,578,1157,-420,-927,-148,-76,469,181,71,-2,-87,31,-31,-82,-80,67,44,-30,24,30,-19,17,-14,-52,23,16,-36,1,14,-15,9,7,-6,13,-5,4,19,3,-27,-8,13,13,-18,-14,36,11,-15,1,0,-15,7,-17,-4,21,-19,-6,53,-10,-39,16,6,-10,11,-8,5,8,-14,-12,8,8,17,-6,-42,13,23,0,0,-18,-8,11,4,-3,12,-14,7,5,2,-18,-5,-15,25,1,-25,13,15,-11,8,-5,-6,10,-10,-3,22,-7,-11,7,-2,8,0,-15,8,14,-14,0,13,-9,14,-7,-6,17,-37,-8,39,18,5,-18,-52,0,63,20,-23,-34,-23,16,36,8,-28,-25,0,37,10,-29,-3,-53,3,83,6,-34,-36,-15,46,28,-62,23,47,-25,2,-19,-4,15,-15,3,23,-3,-14,-5,-15,26,31,-4,-20,-27,-37,38,60,-19,-15,5,3,-2,-18,-12,13,-4,-4,23,-10,9,11,-15,-2,24,-14,3,-11,-26,12,27,2,10,-24,-28,21,3,7,15,-18,19,14,-26,-7,10,-1,17,7,-18,3,-7,-5,6,6,6,-3,1,2,10,-22,-2,19,-6,-3,9,-4,-2,12,-13,6,-5,-4,5,-2,1,9,2,-6,18,-25,-2,18,-9,-12,-1,0,14,12,-20,11,5,-22,21,9,-10,24,-18,-19,27,-7,-14,14,-10,-3,3,-32,31,-38,2,48,35,9,-5,-20,17,42,-11,-65,-21,-28,10,46,10,23,14,-21,0,10,-9,3,-16,-19,21,11,10,19,-31,-15,-8,69,-7,9,-19,-1,36,-11,-45,-24,12,77,-21,-9,1,-5,-16,5,18,7,23,-17,-23,3,-2,-1,12,5,-2,3,-31,21,30,-18,-4,-13,8,35,-10,-28,4,3,-12,10,7,0,-1,-15,2,23,-8,8,-1,-25,-3,1,-1,38,-8,-38,2,14,12,5,-7,-15,2,-4,9,2,-5,4,2,-4,7,10,5,6,-26,-15,35,9,-14,7,-15,-3,29,-18,-5,12,-19,8,13,-10,-8,6,-5,12,-5,-16,17,9,-6,8,-16,-3,25,-6,3,4,-25,6,16,1,5,-6,-31,19,24,-9,3,-7,-21,11,14,5,16,-39,-18,25,6,26,-6,-47,-9,29,14,9,-25,-17,25,14,-14,-10,-15,3,36,-5,-18,-5,-7,18,25,-30,-7,9,-17,18,14,-19,3,-11,-28,17,20,16,24,-21,-30,19,15,15,-3,-53,-4,32,8
