8,1,-2,50,235,-279,63,-8,-65,47,184,-133,11,28,25,33,14,-107,20,-32,44,-16,-1,4,-14,19,-8,-11,-8,-3,-4,0,-13,106,-423,169,291,-158,-78,-5,110,123,-109,-56,31,55,-22,-23,-72,59,8,22,-48,5,34,-4,9,-9,-22,-4,15,-9,-18,-82,66,446,-281,-84,17,-80,236,-72,-125,14,32,50,56,-92,-24,23,53,-6,-25,-28,-19,38,1,-32,13,-9,-4,22,-117,135,-94,-2,1,84,-8,-59,-42,27,20,27,-34,-8,-4,47,-20,-7,-17,4,2,14,-12,1,-8,1,1,-6,14,-215,-133,-12,33,-104,-72,56,17,163,-52,-75,5,-7,19,-2,-51,14,23,5,-35,-1,3,10,3,10,-5,-17,1,11,-2,73,-12,-55,11,-100,51,96,8,13,35,-36,1,19,-16,-16,-21,-10,10,-3,2,-27,23,13,-1,5,-21,47,26,-62,-164,174,-85,46,43,-41,-18,-73,-27,83,36,13,33,-32,8,-23,-1,-2,10,-7,-10,3,-1,-4,32,148,-87,-228,-437,238,64,146,28,-97,-138,4,47,48,94,37,-55,-29,-10,43,29,-20,-26,-28,-15,2,1,-9,4,-8,30,94,10,-179,-215,352,37,22,-19,12,-100,73,19,-30,53,-8,-10,-19,-9,18,14,-4,7,-21,-4,-8,1,18,-2,30,32,-25,-49,26,23,43,-18,-21,8,5,13,-6,12,13,-20,6,-17,15,-4,5,-2,-26,7,16,-1,-26,-13,19,-11,-27,133,-184,66,-12,21,-53,38,-11,-87,-4,9,34,55,-84,40,-58,28,18,8,-23,-21,-8,13,17,59,16,-44,45,-170,2,64,6,6,0,-38,-29,36,19,3,44,-68,19,-13,1,9,19,-28,8,-10,2,13,-4,1,-5,10,-5,19,-2,160,-89,-49,47,-4,-41,-14,12,3,23,26,-42,-23,1,28,39,-1,-19,0,-21,0,20,-2,-35,6,-24,2,17,26,-2,-18,-13,10,16,15,-14,1,53,56,-382,74,136,26,-40,5,-4,-38,18,-7,-10,37,1,-16,-5,-2,17,-8,-5,-10,-9,3,-1,-8,5,14,158,69,-492,239,-51,205,-177,-2,-23,6,46,39,-13,23,25,-10,-2,-14,-2,-17,-6,6,15,18,-1,-9,-24,-13,35,509,-353,263,-366,157,76,69,-32,-151,-48,60,73,87,51,-25,-8,-58,-11,-7,-2,7,-6,23,2,1,-5,-15,-11,-12,45,949,-1459,597,-15,120,203,306,-96,-362,4,115,85,78,0,-129,8,-70,31,-44,11,31,-4,34,13
-34,-11,-12,29,-15,14,-3,169,1057,-842,-434,-242,-129,179,430,-257,-136,64,75,33,-9,-97,-14,43,80,-1,-59,45,-23,24,7,-35,-30,-7,42,12,-4,-3,101,133,-36,-25,-179,55,7,-164,120,105,142,-8,-192,-23,48,35,13,-51,-44,28,37,25,-40,3,15,-1,20,-6,-21,-20,15,28,9,-8,-72,-74,65,10,-28,-124,6,-128,111,-44,135,34,-144,71,1,-18,48,-44,-32,-16,21,60,-28,-9,-16,-33,46,-9,7,-18,19,27,-18,-49,356,-256,22,-85,-47,154,3,-114,-19,67,28,18,-38,-41,5,58,15,-24,-23,-23,21,15,24,0,-11,1,-5,-21,-11,-122,506,-350,-175,40,-64,33,149,79,68,-26,-69,9,-15,-4,0,-26,-17,1,8,-5,0,21,9,2,-3,-23,-4,-11,-5,12,112,-2,-336,153,-71,126,35,-2,-81,-75,-5,60,52,13,-15,8,-5,37,19,-17,-1,-23,-8,-13,1,5,25,-5,60,535,-736,36,-241,245,-8,253,-107,-115,-79,14,45,92,48,-10,13,-33,23,-12,-23,-19,-4,-7,8,6,6,-11,-16,1,27,724,-1459,468,-295,319,5,-5,33,-46,-79,18,11,6,45,-26,12,-14,31,-26,21,-5,-26,-3,14,-7,3,1,7,-1,2,-87,-286,-378,120,335,-164,8,14,18,-76,62,-13,-25,68,-45,14,-23,-3,7,25,-2,3,-21,4,-11,-6,-7,4,10,5,27,-224,131,-196,119,-115,41,-137,60,19,-51,-7,-9,22,63,-156,144,-101,44,-11,34,-21,4,-10,10,-26,5,11,39,-49,-34,67,-5,4,-26,-5,-10,1,-3,14,12,-6,-16,-3,4,31,9,-2,-22,-10,7,10,11,0,19,-6,5,-72,-162,2,-43,56,-80,60,-16,33,-23,59,-37,4,-18,-11,29,3,-21,14,-33,10,15,9,8,-10,9,5,3,1,-19,20,6,-2,0,20,11,8,26,-98,-9,27,-12,-3,71,8,-55,-18,11,-14,23,18,-13,-5,-17,-3,14,2,-7,-9,-3,-6,-4,5,3,28,136,-270,-92,-20,218,22,-22,2,-53,-48,15,34,-3,36,-12,2,-15,25,-13,-1,10,-16,17,26,8,-25,-31,-41,2,45,83,491,-1152,1061,-722,376,81,2,-87,-112,-138,30,80,57,78,-9,-34,-58,7,-1,29,-2,-3,-28,2,-29,-11,17,23,16,151,-7,-878,500,-10,108,70,20,-65,-103,43,48,36,26,-23,-35,-25,-1,28,-2,25,-14,3,-3,-7,-5,-17,-3,-5,-1,16,-1,5
388,-844,-165,-102,161,16,556,-215,-316,99,64,57,28,-80,-80,-7,27,64,-45,44,5,2,19,-10,-35,-28,4,13,-10,51,-146,288,38,-210,-61,-87,149,130,-167,-33,44,19,23,-12,-28,-17,25,49,-54,20,22,-16,20,-11,-30,-12,21,54,13,28,-70,-65,0,36,114,-20,-104,-19,31,56,19,-32,-17,-8,31,16,-26,-10,-3,15,18,-60,34,13,-44,-73,-49,313,-232,-130,151,145,112,-149,-143,33,55,41,-29,-76,-35,40,43,-13,-34,-4,-14,14,19,-16,-10,-4,21,-4,-15,-1,5,7,-20,34,17,41,-163,-21,25,69,5,-102,61,109,30,-12,-69,-63,-17,25,23,-6,4,12,-34,24,5,22,0,-11,-24,-18,144,-38,-118,22,65,90,97,-162,-84,42,12,44,35,-25,2,1,14,-46,-34,17,7,16,30,4,-15,-5,-42,-34,22,2,3,41,-42,18,-52,56,42,52,-21,-78,-76,-58,24,40,58,9,9,-10,22,6,-15,-4,6,3,-2,-11,-3,102,-313,7,153,-34,-96,131,-10,10,-103,17,14,7,56,-19,9,7,8,11,9,28,7,9,-1,5,-27,-24,7,0,-16,-13,156,-83,-287,-113,23,183,172,-146,27,-168,-18,83,-3,18,31,-19,-20,-17,25,36,58,-26,-70,-48,-4,43,31,14,-27,-41,-19,29,408,-605,-37,-36,172,36,-62,74,-21,-33,11,3,-13,71,-98,39,-32,49,-5,20,4,-20,-8,14,-19,10,3,1,-14,-11,18,11,1,-168,491,-373,-44,172,8,34,-40,96,-58,-2,-8,-53,87,-21,-21,78,-73,-2,15,-16,15,9,7,-8,-29,-4,16,33,-23,-8,0,-16,1,9,-79,150,-58,-29,3,72,-85,36,-21,16,-12,42,5,-8,-24,-2,16,8,0,-1,-30,3,8,12,-3,-10,-6,-7,-2,9,1,4,-7,-10,-7,31,28,-16,-26,-11,3,-20,25,9,4,-26,-9,-10,5,14,-9,-13,-3,-7,11,11,11,-13,-22,-2,7,10,-3,-2,-11,-17,46,35,-160,-63,40,91,-10,4,6,-11,33,-1,16,-25,12,9,-3,7,10,-8,-13,3,-1,-5,6,9,-18,-5,5,7,92,12,-34,-236,38,79,74,-20,-24,-27,-37,-28,41,45,44,11,-23,-25,-5,-2,33,-26,-25,-29,-8,26,27,0,-51,-1,69,83,-254,4,-62,48,107,-9,29,-51,12,15,-25,5,40,-9,12,-13,-13,-22,-17,23,22,22,-22,-31,-9,15,3,18,131,22,-503,370,-145,116,84,87
-86,-29,57,8,-49,3,17,24,-1,-59,-48,-33,50,67,73,-4,-87,-119,4,79,80,-20,499,-300,-183,-51,94,78,247,-105,-231,55,86,94,27,-121,-99,21,48,123,-22,15,-48,-61,3,36,47,-31,-57,25,26,1,12,-10,-18,478,-547,-221,79,91,330,-60,-304,51,145,-65,-13,-4,-74,101,79,-25,-104,-34,17,90,111,-44,-205,-35,109,22,975,-1189,268,-222,316,325,-164,-195,173,-123,-104,49,144,-15,-73,-49,2,-48,151,12,-63,-39,-26,-19,65,94,15,-101,-47,-43,65,65,38,-50,-5,-76,-17,43,-16,-10,30,67,11,-97,-66,50,81,60,29,-85,-151,-48,39,63,78,29,-37,-66,-28,29,68,11,-16,-72,-62,5,93,-16,-24,-29,31,26,-32,-37,7,51,26,-34,-49,-15,27,69,-16,-14,-22,-41,-18,30,64,43,-47,-102,-44,36,253,156,-420,-8,41,16,233,40,-114,39,15,-78,-26,-40,-5,99,42,-28,-70,-50,6,56,58,10,-40,-45,-30,11,30,17,18,-126,169,-126,87,-91,46,8,16,1,-49,-37,41,4,1,15,-4,18,18,24,-31,14,-14,-27,-11,9,-2,3,-32,-4,28,288,196,-1340,863,-146,147,111,162,-70,-106,-106,33,23,61,28,12,-8,-14,-13,-38,1,9,0,1,7,-8,-4,-10,13,16,12,-72,-81,139,17,-15,-58,-14,-26,14,14,24,15,-15,-26,-3,8,19,16,-17,-10,-9,11,20,4,-21,-19,1,-7,0,-100,14,-32,-10,-237,-73,236,-32,21,10,2,-65,44,15,-39,83,-56,8,-41,19,-28,35,-1,6,0,0,-18,-16,19,7,12,-21,2,9,21,-40,-44,23,24,7,-5,17,-18,4,15,-23,25,1,-16,-10,28,0,5,0,-8,-5,8,-1,-4,-8,-13,0,-12,45,-2,-1,-32,-13,-4,22,-11,14,-6,-15,11,-5,-3,-17,-2,16,12,-5,-18,-31,3,27,29,2,-13,-42,-12,41,22,-6,-28,-26,-7,12,14,-1,-6,10,8,18,-2,-27,-12,-1,27,33,9,-50,-45,7,40,31,14,-35,-47,-28,28,43,6,5,-33,2,-10,-12,11,-12,1,-6,25,-14,-32,-10,25,21,8,1,-18,-14,-4,20,18,5,-17,-8,-4,10,35,-5,-2,-3,-27,54,66,-122,56,-104,72,29,-22,5,12,-19,6,-12,9,15,-2,9,-11,-5,-8,-4,19,-14,12,-2,23,0,-27,8,69,-59,142,-45,-78,-89,-63,12,58,55,14,-6,-18,-23,-10,9,-9,20,11
11,-15,-24,-21,18,27,13,-6,-19,-43,5,3,380,-347,-214,59,23,171,265,-296,-95,121,31,46,-9,-122,-30,-3,50,31,6,40,-49,-21,-17,-13,9,23,-218,505,-90,-117,-57,-20,252,-4,-180,-26,-1,39,62,-32,-70,-8,16,45,-18,30,3,-3,20,-20,-24,-3,25,5,-28,6,-10,-17,-40,38,449,-699,91,-117,228,226,-173,-256,148,58,88,-3,-111,-69,69,90,-13,-107,28,-20,44,40,-24,-74,-4,50,28,-14,4,-57,-10,49,15,-17,0,-6,227,-262,17,7,123,-144,70,-44,15,50,-59,-3,64,-10,16,-4,-34,-8,13,-3,-28,-4,39,12,20,6,-37,-19,7,22,4,6,3,-17,-23,20,63,2,-6,-23,-89,12,3,46,25,-53,-20,17,11,14,2,-13,-14,-5,-2,-19,-5,31,-7,-10,-4,-31,-7,31,11,0,1,31,-22,-111,-75,56,51,68,120,-3,-86,-52,-36,10,18,-8,2,-6,-32,33,3,0,6,-12,18,6,-10,-6,-2,-22,12,-9,170,-144,-13,-45,-3,35,32,30,-20,-9,29,22,-37,-20,-33,14,-23,12,0,35,21,2,-1,-1,-19,-19,-14,23,26,-35,-21,-6,22,486,-537,-903,714,-324,251,202,43,-78,-147,-152,86,67,92,51,-32,-36,-54,-9,17,30,12,-18,-9,5,-9,5,16,-11,98,-143,-56,-159,49,178,-4,-41,0,9,18,14,-28,-12,-19,-11,9,23,13,-20,-23,-9,-3,25,24,0,-3,4,-22,-26,17,82,-4,-16,-12,8,25,-59,-32,8,54,12,-19,14,18,-19,-6,-2,-8,18,8,0,-8,19,4,-11,-7,-23,-10,10,69,-85,24,-29,-21,2,13,17,11,-63,3,4,2,-24,3,26,-14,2,-8,16,-27,2,6,22,-19,-3,5,17,-5,53,-32,-13,-11,79,-131,94,-22,36,-18,13,-14,-11,3,-26,37,-8,-33,36,-25,-1,15,-15,8,-1,12,5,-9,8,-4,1,-3,35,5,-42,9,27,-6,-25,17,27,-17,8,-1,-7,-16,-3,5,8,4,-2,-1,-5,1,-3,12,7,-5,-9,-4,5,-3,6,3,1,-9,-34,22,7,-15,23,-6,-4,-12,5,-8,14,-25,17,0,0,26,2,-4,3,5,-19,1,12,-1,-18,1,8,230,-144,-197,-10,89,54,-63,23,15,-31,3,-5,-18,32,22,11,-2,-12,-10,6,-25,-1,16,-17,-9,-12,5,6,33,-7,148,23,-65,-123,-116,94,-43,113,23,-13,-37,-12,-7,4,24,-4,25,-24,10,-10
-4,-6,2,6,26,452,-732,-167,314,-202,127,148,-77,-136,16,96,57,51,-50,-64,-17,-9,12,-2,-14,3,-5,29,8,6,2,-12,-6,-17,-5,-4,2,24,19,-319,655,-326,23,-87,-78,161,29,-84,-30,-40,40,69,-31,-33,-7,23,15,6,0,-17,-6,17,0,-11,-11,-11,0,-1,-101,186,-64,-138,-99,14,145,42,-131,-70,38,49,54,-22,11,-69,1,43,-5,9,-2,-38,33,8,-15,-13,-7,20,3,-7,-5,-5,19,15,-7,-99,293,-179,58,-2,-22,54,-154,-118,13,-49,21,114,90,-70,-6,3,27,-5,-61,-77,-27,50,99,3,-48,-27,-2,26,22,-8,-20,-16,13,16,58,7,-11,-85,-32,68,8,15,-13,-45,52,19,-42,-15,-15,14,16,5,-22,-13,20,8,-6,1,-8,-5,10,9,-18,45,82,-235,-44,-32,-48,110,96,36,26,-76,-10,13,-32,-6,-11,1,7,8,-14,-13,14,40,14,0,-29,-37,-17,3,27,24,120,-284,177,-17,1,38,-23,-26,-56,-25,45,7,-23,20,-8,30,28,15,-21,-10,-12,-6,1,8,-15,-5,0,1,34,223,0,-510,185,36,11,98,2,-95,-61,11,25,61,59,17,6,-38,0,-8,11,-28,1,1,-5,-6,0,-10,-15,-9,-5,238,140,-864,297,-36,212,131,-91,-62,-67,8,45,18,14,10,-27,-11,-7,37,27,25,-32,-47,-22,9,12,12,12,-6,20,196,-604,130,240,50,-94,-18,-18,-1,33,29,-15,5,-12,-18,15,-24,21,20,-2,7,-16,-3,8,-8,-11,-1,5,7,43,-27,-264,180,-229,11,-206,106,-26,87,-32,-71,4,-30,35,65,-107,115,-108,36,-9,21,-26,18,-23,4,-8,-1,-3,154,-98,71,-41,-64,104,-12,-5,-44,35,-17,15,-16,-14,49,-4,-34,26,-25,11,-5,0,13,-4,0,0,2,5,-63,-53,-13,-16,64,-10,5,-41,30,19,-7,-12,13,4,1,3,-2,-1,13,-3,-4,-6,4,-1,0,4,2,-8,-8,3,0,3,3,8,-15,1,11,3,7,-2,324,-364,-83,1,114,-22,21,8,-21,-9,-16,-8,-2,41,-19,13,-27,33,-8,17,-4,-30,5,-1,-9,11,15,5,-2,-10,4,-1,6,-2,8,-12,-1,15,29,7,-22,-15,-2,1,-8,0,-1,-4,-6,-2,0,6,1,-4,-13,-13,-2,10,-11,4,2,-2,0,-4,-4,6,-7,-11,7,9,-2,-5,-7,5,-1,0,16,0,-10,-2,-2,1,3,-1,-6,-5,-2
12,11,3,3,2,-11,1,0,2,-9,33,-37,19,2,-3,5,3,-12,10,1,-1,5,3,-4,-2,-3,7,7,7,-1,-15,-5,3,4,4,-8,-5,-11,8,4,4,-16,4,-4,-13,17,-7,-13,7,-1,-5,3,-4,11,4,1,1,-3,-3,7,-1,-9,-1,6,4,7,6,0,-9,-5,6,-6,84,-46,-62,67,18,-52,19,26,-10,8,-30,20,85,3,-79,-22,15,0,7,10,-8,-7,-14,1,6,6,2,4,-10,-5,4,7,1,6,-5,3,7,0,3,-9,5,5,-5,6,12,-3,-11,-8,-1,5,-11,-51,233,-1060,1089,-337,-129,282,-22,-251,154,31,62,-153,102,-180,109,-20,3,0,48,-82,15,-19,-14,50,6,11,-45,24,-1,14,-15,16,-2,14,1,-25,-13,28,13,52,-759,203,941,-137,-654,253,-74,-49,277,-108,17,-35,-4,-74,131,-123,31,-33,98,-9,22,-26,-36,55,-5,-7,-43,15,-3,32,-8,-13,1,4,13,10,-10,-16,-6,-9,13,14,-13,17,8,2,-5,0,-6,-4,9,-8,-2,10,3,-1,0,-5,4,-4,-5,-3,-3,3,1,-3,8,-9,-12,4,1,4,0,-14,-3,-1,5,6,1,-2,4,2,0,-5,1,-7,6,2,6,6,-1,1,0,10,-1,-5,-10,0,2,-1,-5,-8,3,9,7,-2,-4,-11,-5,-1,10,-2,-7,4,5,-4,6,10,-9,-7,0,1,10,-1,-10,6,0,4,1,1,-5,-6,-5,9,10,0,-10,5,-15,18,-1,-3,4,-12,-1,-1,2,0,8,-7,-6,6,0,-2,-13,2,0,-1,0,2,-3,9,-13,-2,-8,-7,3,5,4,-4,5,3,7,1,-6,-1,-2,6,3,-5,-5,-5,-6,-3,8,3,-5,-7,-3,-1,1,1,-5,-5,-2,2,-2,6,-6,2,-6,-1,-1,-2,-8,-7,-1,0,0,8,-3,-5,1,0,8,-3,8,-6,-12,10,-4,3,8,-6,0,3,-13,0,-2,-2,8,4,-2,-12,-4,-3,3,2,-1,-1,1,0,-6,7,-5,-2,6,-3,0,3,-7,-7,-6,2,1,12,6,-7,-6,-6,2,-3,0,4,-4,-5,3,5,-7,-4,-7,8,2,-1,-6,-1,-1,1,-3,-1,0,7,1,-6,7,9,6,5,3,-11,-4,2,5,-7,0,1,4,5,3,0,2,-6,-2,2,0,2,-12,1,-6,-3,3,6,-3,0,-2,-5,-9,8,3,7,-2,4,-9,-5,-3,5,3,3,-1,-5,-2,-10,3,4,-7,-1
6,-2,3,-1,0,-3,-4,5,-4,-4,-4,4,-6,9,-3,2,0,0,8,-1,1,-4,-2,-8,-4,-1,7,5,-6,6,3,3,3,-3,-3,4,-6,0,-4,0,-4,-4,2,4,6,1,-6,-3,-1,3,2,0,-1,4,-3,-12,-1,-2,2,10,0,-4,5,3,2,-3,1,-1,6,-4,-8,1,-6,6,1,-4,9,-3,-7,2,1,6,4,-2,2,4,2,-1,0,3,-2,-3,4,-7,4,-2,-10,4,7,-6,10,-8,10,-5,4,0,1,3,0,-1,-4,-8,4,5,-3,2,1,6,-6,-5,0,6,3,-3,-1,-5,8,1,-4,-1,-1,-3,-1,-3,2,0,-3,-9,-4,-1,6,2,5,-8,-6,3,-1,-2,1,-2,-3,-4,10,-5,-5,-8,4,4,8,-4,-3,-5,7,3,-2,2,-5,1,4,3,-4,3,3,3,1,2,1,7,0,6,1,-10,-5,7,-1,3,-1,-2,-6,-4,-2,-2,2,0,-2,-3,5,0,-3,-2,1,2,-4,-5,-4,-4,-7,2,3,7,-7,-6,3,-1,-2,4,1,2,0,0,1,9,-8,0,-7,-9,0,5,-1,8,-4,4,-2,-7,-1,-1,5,5,-6,-2,-2,1,5,0,-8,-1,4,-1,-3,0,-1,-4,0,1,3,1,0,-1,0,0,3,-3,1,3,-5,4,-5,-2,-4,-1,4,-1,1,1,-7,1,-2,-1,-1,0,-4,-2,2,-1,-7,-2,1,-2,0,1,-6,-3,2,-3,0,1,-11,5,-3,-1,3,1,-4,-5,10,-2,1,2,-1,7,-7,-12,4,8,3,-9,-1,-1,-1,5,4,-10,-4,-6,0,-3,7,-2,-2,-11,-1,-6,0,1,7,-6,-2,4,-9,-9,1,-1,1,-5,-4,5,6,-12,-1,2,-1,4,0,-9,-1,-45,24,5,-19,8,9,-7,-2,-8,4,8,3,6,-12,-2,0,9,-4,-1,0,0,-3,4,8,-3,-2,-5,1,-6,0,-8,-6,-3,-13,-9,4,-6,-1,-8,-9,-2,-1,9,0,-9,-6,6,11,11,-4,-5,-1,7,-1,3,6,6,7,-4,-7,2,-4,-5,4,-5,-3,-1,-1,3,1,-1,-5,-6,3,7,-3,3,-7,-3,6,3,-2,1,-4,3,3,-4,0,-1,1,-5,4,-7,-1,-4,5,-2,6,2,-6,-2,1,-2,-1,2,-1,-3,-5,2,5,3,4,0,1,1,0,-3,0,-4,14,-1,-5,8,3,-4,-8,5,-3,-2,5,-3,-3,-5,-9,1,10,-7,-5,-5,1,-4,6,11,1,1
-6,-4,4,-3,-2,0,-7,6,-5,3,-3,2,5,3,-10,-2,0,-2,-2,4,3,-6,-5,2,0,3,-10,1,6,7,0,9,-4,-6,-6,-3,5,5,-4,-5,1,-4,1,6,-1,-9,-69,11,9,2,4,5,0,-5,-10,-2,6,-2,4,-16,8,0,-5,8,4,-6,-4,-1,1,-6,-2,-4,-3,-4,3,4,2,-6,0,9,6,8,4,-2,-4,2,-3,2,6,2,-1,-4,6,2,-3,1,-1,-2,-2,-2,4,1,3,-5,-5,3,3,7,-5,-8,-3,7,1,12,-6,-3,-6,-3,1,3,1,0,-3,-1,4,3,-2,-6,-3,-12,-3,8,-4,0,3,-1,1,0,0,6,-2,1,2,0,-1,4,-11,-2,3,0,-1,4,0,0,-7,8,2,-3,-5,-3,-7,5,0,10,-4,3,0,-8,-8,0,4,-6,-2,-6,-10,-5,0,-3,4,-1,-12,4,-7,6,2,10,2,-5,-7,-2,7,8,4,-4,-6,-5,5,8,5,-1,1,-6,4,3,1,-1,-12,-3,-3,-1,4,-3,-7,10,4,1,0,-5,-5,-8,12,-1,8,-3,-2,17,59,52,37,-110,67,-43,22,-23,14,-15,-8,14,19,-7,6,20,34,4,-16,-29,-9,-1,-8,-17,-21,22,-13,28,16,24,-31,-11,-29,9,-16,23,-2,12,-17,-1,7,12,-4,-26,-5,-2,20,24,15,4,-8,-9,-13,-21,-13,6,11,19,20,15,5,-9,-8,-8,-8,-5,-6,-3,-1,0,9,4,5,-10,0,0,1,-3,10,5,-8,-6,-14,6,-1,3,6,10,6,8,-4,-9,-6,-10,7,12,2,3,-7,1,-2,4,4,-2,-1,3,-5,1,22,1,5,1,-17,-18,2,4,9,11,4,-1,-2,4,8,5,-9,-16,-14,-3,20,11,0,0,-5,-6,8,10,1,-10,-6,-23,5,15,3,-1,-7,2,-3,-2,3,4,-1,-4,-4,-2,4,-1,6,6,-2,-3,9,9,-1,-8,-10,-5,5,1,11,8,2,-6,-16,-18,-5,-3,-8,14,33,11,-10,-7,-2,4,20,-9,-27,-8,9,3,16,3,-16,-8,0,11,-4,-3,-6,0,9,11,-5,-3,-1,-6,12,-9,3,1,3,5,10,4,-20,-13,-1,17,2,2,-17,-5,-1,-4,19,5,3,20,28,-34,-36,3,17,12,20,-20,-16,-2,5,-3,5,-1,-8,-3,-7,-1,-3,-3,12,10,10,-3,7,5,-12,-19,4,-12,-3,1,9,7,7,0,-13,11,-9,3,0,5,13,-1,-7,-6
-23,-20,23,29,6,-10,-3,-39,181,141,-151,-43,-93,18,58,68,37,-174,-93,206,0,141,-584,443,-55,-58,-30,67,-70,61,28,-25,20,45,-77,55,-69,-18,18,62,11,-22,-5,-36,0,-29,4,13,27,2,-5,-22,-116,216,18,-38,9,-44,-39,59,-8,-35,11,0,-29,26,2,16,-17,-15,-36,3,-43,27,97,42,-20,-52,-54,-42,-23,73,100,-141,-24,78,64,-8,-43,-16,-20,4,19,6,1,4,-12,-4,-10,-12,-2,-3,-1,26,32,51,-22,-58,-5,-7,-78,255,-106,9,-31,9,274,-215,-337,-36,158,208,71,-119,-134,77,142,33,-34,-108,-130,-61,88,101,51,43,-31,-65,-78,0,78,41,-18,-41,-6,13,0,9,28,-13,0,-4,18,8,-5,-16,-37,-10,-3,7,37,6,5,1,-28,-37,2,3,15,13,9,8,-3,-7,-6,2,3,-17,-6,18,32,-8,-30,-24,-26,19,30,32,3,-16,-26,-17,-30,-45,22,85,-5,-38,2,-32,-31,6,8,-6,-1,19,15,32,34,7,-16,-48,-41,-25,-6,29,40,23,26,-18,-5,-18,-12,-4,6,2,12,13,4,4,-4,-16,-1,0,-13,-11,10,-2,4,17,5,11,6,-4,-12,5,-10,-18,-3,-10,-1,16,4,-16,-1,12,3,5,-8,8,-7,-8,1,36,-39,-4,-5,-5,7,29,10,-8,-9,-2,11,-12,-16,-3,4,3,11,19,4,5,-10,-13,-12,-14,3,5,-4,-3,7,3,2,-5,2,9,-6,13,11,-8,-10,-5,1,6,1,-4,2,13,12,-3,-1,-14,-14,8,-4,20,3,-3,-4,0,-6,-4,-3,-4,0,-6,-4,9,-2,-2,-3,11,-1,-3,8,5,2,-4,-3,-9,-12,-4,6,4,6,7,4,-3,-5,-9,-8,-4,-6,-5,9,1,4,5,0,6,4,-4,-5,-7,-3,0,0,8,1,3,-3,8,-1,1,5,1,-4,5,-1,-8,-5,11,1,-3,2,-2,5,6,-9,-6,-8,-8,0,0,11,4,3,-3,0,0,7,-4,-1,-12,9,-7,6,1,5,6,5,3,-3,0,2,-1,-10,3,-2,6,-1,-8,-7,9,-1,4,-2,2,-5,-6,1,-8,-5,-4,-10,-1,2,6,17,6,8,16,-1,-15,-15,2,-3,5,-10,5,-1,2,-1,3,2,-2,-4,-7,4,0,1,0,0,-4,-2,9,5,-5,16,-11,-1,2,2,9,4,-14,5,-3,-3,1,10,-1,0,-9,-8,6,7,11,-7,-11,9,-1,-4,-4,-9,-5,-9,6
-1,14,0,-5,-2,4,-7,-10,-3,-1,4,11,15,-6,-3,2,-5,-5,-2,6,10,6,0,-1,0,-6,-1,-12,9,8,5,12,-2,9,-10,-15,-8,-6,2,5,1,7,0,-5,4,2,-2,-15,-5,2,-1,1,1,2,-14,4,10,-5,-2,-4,-3,-1,-10,-12,-2,5,12,8,9,16,6,-6,-7,-12,0,14,1,7,-1,0,3,-17,2,-5,-10,3,8,-8,-5,5,3,3,10,-3,1,2,-4,-7,-15,-2,-5,-5,7,16,-1,2,13,-1,-12,-10,-7,-9,-3,-4,-3,0,8,2,-13,-6,-5,-5,-6,-11,-6,4,-4,4,13,18,6,13,-11,-13,-20,-19,4,7,7,22,10,1,-7,1,-6,3,-9,-5,5,0,21,4,-4,-6,-12,0,8,0,-4,-9,0,8,4,4,2,-8,4,5,-5,1,-3,-3,-2,-3,2,1,1,-3,-1,2,-1,-2,-7,-6,-7,5,4,10,-2,6,-6,-12,10,3,3,-2,2,-6,7,-7,-13,4,-4,-3,-1,18,11,-1,-5,2,4,-6,-16,-1,-1,7,-4,3,-12,6,-1,-5,-2,-7,-2,3,-2,-4,6,3,-2,-1,-6,-3,-8,-7,-8,1,3,13,-1,6,-2,-10,2,-4,0,-7,2,-18,-4,-1,11,13,10,15,6,1,6,-8,4,-8,-14,0,-13,1,91,-88,-136,91,-80,60,-9,53,43,-13,10,-26,-35,-7,-13,9,19,16,6,3,5,-5,-7,-11,-6,-13,-21,-11,6,-3,7,10,1,11,3,-10,-4,0,8,7,7,-3,-9,-9,14,10,0,-11,-3,-8,14,-2,5,7,20,48,-31,-27,-1,-13,-55,-52,-18,87,91,51,52,-14,-30,-68,-74,-42,12,43,51,-59,-56,1,-6,-19,-13,-40,-15,-8,6,26,26,17,-21,-16,-9,19,38,56,67,-6,-141,-117,-5,34,81,42,31,-10,-36,-24,17,27,13,24,13,-3,-42,-19,53,9,-62,-74,7,42,37,25,39,-11,-34,-26,-10,2,10,1,21,-7,45,10,-223,-29,101,57,21,25,35,-62,25,-11,-49,-28,-20,24,55,-5,-8,-5,8,-55,-22,-16,10,64,29,8,-1,-16,-12,-43,-28,-61,36,79,57,25,1,-21,-46,-25,-53,12,5,39,-35,-3,55,106,20,-48,-41,-46,-35,-36,-3,-9,42,39,44,68,14,-9,-34,-76,-83,-52,22,65,82,16,-7,-91,405,337,-407,84,67,-224,293,-124,94,-187,14,-37,-32,84,55,18,46,-42,-2,-20,-29,-33,7,-3,19,41,41,1
-9,-31,-57,-22,-21,19,35,18,19,11,21,-13,-2,-32,-21,-18,-4,-4,-8,-5,7,9,-10,1,10,25,4,-26,-14,-2,15,7,15,-17,3,3,-7,-16,17,2,-24,0,13,12,-12,-25,-8,13,8,-21,19,2,33,5,-11,-13,-25,2,13,9,-8,4,-9,-1,-10,0,-2,-6,10,10,11,1,-26,-14,0,20,17,23,-4,-14,-26,-7,8,17,-5,-14,5,-21,75,-14,3,-27,-19,-6,9,37,18,-22,-25,12,22,-18,-17,-15,-6,9,32,7,-1,9,10,-11,-12,-14,-22,7,22,9,8,7,2,-10,-9,-10,-20,5,14,-16,47,-12,-14,7,-7,11,-6,-15,-36,-10,3,7,-31,-1,-6,22,17,10,-6,-52,11,-20,22,43,37,-53,-37,-15,21,20,27,1,-6,-24,14,26,0,-8,-38,8,-4,9,15,4,-3,3,-2,-20,16,6,5,-15,-3,-10,0,9,8,8,-6,-4,-5,-6,11,31,-15,-10,5,8,21,15,-17,-20,-2,-4,1,2,-8,10,2,-4,-4,-6,-1,11,3,3,5,-6,-6,1,33,-21,-6,-2,-4,20,-3,3,12,-10,7,-5,-9,2,-8,12,3,4,2,-53,7,2,25,12,-6,14,-6,-11,7,-9,-28,0,4,8,28,15,-2,-14,-25,4,-1,-2,-5,0,2,5,-3,2,-7,-11,14,1,-6,13,11,-20,10,4,7,-8,-17,3,15,-4,-1,-4,4,-8,23,-9,-3,-14,-3,11,-15,30,8,-13,-3,3,-8,7,-11,2,17,10,2,-11,-13,-8,-1,5,10,12,5,13,1,-7,-26,-13,-12,14,10,11,13,-9,4,-3,-14,-10,-14,-2,14,17,3,13,2,3,-17,-13,-4,0,15,3,-1,0,8,4,16,-9,-27,-13,6,6,-13,7,27,5,-7,0,-8,-16,-19,-10,5,23,13,-5,7,-6,10,-3,-1,-12,18,-18,-9,-9,37,-6,-24,-1,13,14,-3,15,-5,-19,-23,4,30,36,2,-31,-29,8,30,12,-18,-13,-15,4,34,20,-5,-26,-11,21,4,-1,-2,-19,-11,10,24,-10,-10,-14,-6,15,20,-4,-17,-10,-13,4,17,11,-9,3,-1,-18,-5,21,3,-6,13,-2,20,1,31,-13,-13,-57,-177,-75,36,19,24,18,53,6,25,34,-27,-24,-35,-61,-16,12,16,14,-40,-17,36,70,8,-182,-62,78,73,76,19,40,-94,-102,36,90,12,-53,-65,-55,-31,-2,-20,-6,24,12,73,67,50,-39,-85,-28,-44,-108,-34,159,64,13,73,77
-71,-103,-35,-19,-66,5,45,39,36,47,10,-13,-42,-48,-21,13,-46,53,94,7,-11,20,34,15,-47,-72,-21,8,56,30,-11,-29,-38,-5,-3,10,25,34,28,30,10,-8,-25,-51,-51,-16,8,28,92,30,14,-48,-78,-8,-10,6,-19,22,17,31,13,-20,3,-4,-24,-67,-10,3,73,174,-36,-285,37,121,85,-18,-39,-51,-449,918,317,-748,-439,160,56,210,281,-101,-19,-79,-100,-11,-38,-5,36,16,16,30,-20,-26,2,27,-1,-14,-9,-6,-23,-2,28,40,5,-19,-32,-9,-2,7,-2,12,-9,-18,15,23,51,-11,-9,-18,-9,-8,4,-2,12,22,16,5,0,14,-24,16,-19,-4,16,-7,-3,-13,-10,-9,-13,46,38,-29,10,55,-126,-42,-32,103,-19,19,-11,4,-33,37,-13,-24,24,-3,-12,-3,-5,18,32,59,-7,-78,-75,28,20,26,11,17,-18,-24,-2,0,9,22,6,-1,0,12,-9,-15,-28,-12,16,20,10,-5,5,7,5,-5,-34,-2,17,19,-12,5,-5,3,-5,3,-8,-11,-1,-9,3,4,5,6,-3,-10,3,0,4,5,-1,-2,9,-2,-4,8,-7,5,-24,16,23,13,-13,-20,-25,1,19,-1,-2,16,-2,-4,-1,-6,-9,-9,-4,8,-1,15,1,2,1,-19,-8,15,-6,0,5,2,-6,1,-1,2,-4,-9,8,5,-6,-2,3,6,-1,-3,-8,3,15,-14,23,-25,15,4,-10,4,-10,8,18,-9,-1,-7,-9,23,-8,-22,-1,-7,17,19,-6,1,-15,4,-9,-16,-6,0,-1,12,9,5,8,-7,-1,-18,-9,59,-36,-48,34,40,-29,36,-24,41,-62,16,-6,-25,17,-8,-11,35,-16,25,-1,-38,-5,-1,-14,6,16,5,14,-6,-20,19,-53,-12,-7,7,20,19,5,39,-10,32,-68,-47,-40,5,-30,49,52,17,76,-13,-1,-35,-46,-24,-25,-2,16,44,11,0,4,-21,-23,15,-14,1,4,13,26,13,1,-11,-25,-14,-10,-7,8,9,9,-1,-5,3,-6,-7,-4,8,17,8,2,-11,-10,-35,-5,-12,10,10,13,29,23,6,-11,-25,-35,-11,-3,12,14,18,5,-1,-19,-12,-6,-5,8,5,12,20,27,15,-6,-28,-4,-21,-12,-18,-1,13,-3,8,24,30,18,-11,13,-18,-26,-15,-8,1,-6,6,12,3,4,14,-6,8,5,3,-9,-1,15,0,10,-2,-11,-8,-7,-12,-3,8,11,11,-1,11,9,-12,-7,-16,-15,-15,3,1,8,-2,5,-1
-18,-3,11,8,5,14,14,9,-1,-16,-13,-14,-17,-5,-7,-9,-1,7,6,15,0,-3,-9,-5,-2,6,-21,-5,-10,1,14,4,7,0,-4,-13,-26,-19,1,0,22,8,21,-6,8,-9,-20,5,-7,0,12,9,30,-11,-7,-13,-23,-5,3,5,2,19,-2,-15,20,-1,-9,6,-13,-4,-16,4,8,9,-11,89,40,-43,21,21,-33,-60,-3,10,16,42,37,5,-32,-32,-42,-23,-19,-5,15,25,24,13,1,5,-1,4,-19,-22,-9,-5,-19,9,-1,-3,-14,-15,9,5,8,3,-10,0,5,4,-9,-4,6,-16,-8,8,3,1,-4,0,8,-1,-3,4,6,-5,-8,-3,4,-1,-4,-12,-23,14,23,5,-18,-12,-11,4,27,18,-8,-26,3,-13,-17,6,10,0,14,11,4,-6,-5,11,-20,6,17,10,-4,-12,-3,-6,-10,21,-15,12,11,9,21,-24,-6,-12,1,17,-3,5,5,-7,3,3,-20,-10,-3,13,30,30,5,-19,-20,-12,3,11,7,-18,8,-11,-14,0,15,8,20,-4,-13,21,-44,7,4,10,-5,-6,-1,-15,34,5,-8,-13,28,-50,21,1,-36,13,11,-1,15,-21,-9,-19,-11,-2,1,-3,14,26,4,5,-1,-22,-2,-6,-23,4,15,21,6,-13,-5,5,-1,-8,5,-9,-23,3,48,35,-15,-14,-1,-48,-13,-19,14,-12,24,24,21,16,13,25,-37,-21,7,-63,2,-12,32,17,-23,40,-9,19,30,-10,-15,-23,-27,-23,-3,11,16,17,7,3,12,11,-11,-21,-26,-21,8,19,15,4,-1,15,10,4,-17,-32,-30,15,26,12,-17,-5,-7,14,12,22,36,10,-69,-62,-77,-13,34,57,83,37,3,-6,-31,-56,-25,-18,12,34,63,14,-23,-29,-22,-5,25,25,-3,-16,-7,-11,5,0,2,1,1,6,-3,-3,-2,7,-33,2,19,-22,25,-1,9,12,-4,-9,-21,-23,2,-1,4,-1,1,2,26,11,-3,-24,-30,-25,-1,26,10,10,-19,-4,14,25,0,-37,-39,-5,17,27,10,-18,-24,2,20,22,-8,-26,-31,12,26,12,-11,-15,-14,2,27,2,-7,-15,-11,2,3,3,13,4,-2,-7,-20,2,22,29,-1,-46,-58,-1,46,46,-3,-40,-32,6,42,40,-20,-53,-39,8,62,44,-13,-50,-16,24,29,0,-20,-28,-12,21,25,4,-7,-14,-6,7,8,2,-7,-18,5,8,4,-2,-7,7,7,10,3,0,-9,-11,-4,6,11,0,-11,-3,9,6
2,-12,-7,-6,2,3,4,-10,9,3,-5,1,7,-2,-10,-5,2,5,-4,5,-5,0,7,6,-9,-5,-21,6,5,13,12,-19,-12,1,-4,8,4,-5,-9,7,5,-6,-3,5,-10,1,9,-4,-9,-8,18,-6,-4,-4,-6,1,6,2,-8,3,-12,4,15,1,-3,-13,-8,12,16,-16,4,-10,-3,6,-7,5,-13,-2,0,0,-1,10,-6,-9,3,1,3,3,-7,-2,-7,11,6,3,-4,-6,-10,9,5,0,3,-3,5,-4,5,5,5,-1,-3,-5,11,10,-4,-5,-9,4,6,11,3,-13,-12,-10,11,13,-10,-3,-11,2,16,7,-7,-13,-3,-2,-17,25,-17,5,-11,3,9,-9,-7,4,4,8,3,-4,2,-3,3,6,3,-14,-24,3,12,19,-15,-18,3,12,10,21,-27,-1,-8,-4,19,0,-22,-9,21,4,8,-8,-10,5,-13,24,-8,-8,-12,-20,-3,6,13,7,-5,-6,-13,3,2,5,-1,-6,2,5,0,3,0,-10,-7,1,3,-2,0,-2,7,5,-8,-3,-1,0,-1,-5,-6,-5,8,3,-6,3,4,7,-1,1,-7,0,5,0,7,0,-6,-5,7,-3,6,1,-1,-9,-4,3,13,-5,1,-1,-4,-1,-2,-2,2,-7,7,5,-2,9,4,-12,3,0,-3,-3,-4,-1,-3,-1,3,-3,3,5,1,-7,0,-3,4,-1,-1,1,-4,2,6,0,-8,-9,2,0,4,-3,8,-4,-6,4,-2,0,-2,-4,-1,5,1,-6,-4,3,-3,6,-10,3,-3,-12,8,-3,-2,-5,-3,7,-6,-3,-3,-2,4,1,-5,-2,6,-7,4,-1,-2,1,-1,1,-3,-6,-11,4,-1,7,1,-4,1,0,0,2,4,-4,-9,-9,6,10,-7,-7,-5,1,4,6,-13,-19,4,-6,27,-8,-6,-9,-8,22,5,5,-1,-9,-1,9,4,3,-8,-8,-2,3,4,5,1,2,-7,4,4,7,-1,-5,-3,7,-7,-8,-5,9,-2,7,-9,-7,2,12,8,0,-13,-7,1,3,5,3,1,-3,-3,0,-3,-4,8,-5,-1,0,-3,-3,2,-1,-4,-5,1,6,6,-1,-4,-10,-6,6,7,-5,4,-3,8,1,-3,5,1,-3,1,7,-3,-6,-12,-5,7,7,7,0,-6,-6,-3,9,2,-9,-9,0,-4,0,6,-5,-2,0,-3,-1,-2,-8,3,1,1,6,-2,0,-11,2,3,10,-3,-4,-4,-7,-1,12,5,-4,-2,-6,2,2,1,-1,6,-5,4,1,-9,2,1,0
134,-126,-198,-59,99,42,49,10,-38,9,-35,44,14,16,46,-46,-11,-24,-26,2,-1,18,18,173,-4,-296,112,-140,151,-55,-6,-3,-5,45,20,-22,3,21,13,16,5,-12,-30,0,-10,1,4,1,6,-12,-13,0,-8,36,320,-49,-471,195,123,239,-109,-96,-47,-53,55,44,21,22,-16,-19,1,7,24,1,-12,-2,-2,11,-1,-4,0,-15,-9,8,1,26,547,-133,-114,10,63,30,1,62,-19,-38,25,-21,-12,50,-45,23,-16,17,14,10,1,-12,-11,-2,-7,2,-3,9,-5,-3,12,-39,75,-159,166,-429,207,7,62,-68,58,4,-63,13,-42,42,39,-125,131,-105,26,20,-4,0,3,-17,7,-11,-7,0,12,-9,-5,25,-10,-9,-11,20,120,3,-30,7,-80,14,17,-25,22,-6,26,-19,-15,6,-23,43,-28,21,-4,-22,17,7,0,14,-15,3,-3,0,-1,-29,-27,-45,73,-7,-9,-70,34,9,32,-14,-3,-32,-17,41,7,-11,11,-18,-6,7,11,4,-6,5,-11,-6,9,1,3,-13,524,-561,-25,40,248,-61,-11,31,-15,-24,26,-8,1,55,-46,10,-37,36,6,2,6,-20,-14,17,-4,-2,8,-4,35,-55,234,-109,-159,-38,157,57,-114,-19,19,-2,17,47,-2,12,-9,-14,-3,9,6,-16,1,-15,11,0,1,-4,-8,-11,10,456,117,-892,397,3,116,189,-107,-134,-30,31,53,98,12,-36,-32,-52,0,-2,-22,23,3,28,-19,-10,-16,-9,21,10,-9,-1,817,-599,29,-211,165,146,283,-141,-416,89,144,128,50,-103,-111,-17,-21,87,-10,-16,22,-42,36,-8,-9,-13,-14,-32,149,-241,358,-168,20,-230,236,-14,25,-87,-5,98,7,-84,10,11,35,26,16,-71,-19,2,30,-11,7,-20,0,4,24,-149,-1762,671,-1378,-401,130,290,144,-390,-537,373,326,151,-160,-137,-218,171,137,67,-188,15,-3,10,66,33,-72,-68,74,76,-44,-78,525,-1021,536,165,256,14,-262,-293,182,35,-31,-51,23,26,52,25,-34,-103,30,15,21,9,0,-40,5,46,6,-23,9,-150,-12,58,-20,-8,8,-104,-85,57,90,67,-47,-75,105,31,40,-82,-113,-28,39,48,3,9,11,1,-21,2,-25,1,0,3,1,9,1,-15,-6,-9,-109,387,-328,82,-146,68,170,-128,-77,31,47,42,-9,-66,-6,18,61,-13,-37,10,-13,17,11,-16,-24,-9,24,-9,3,11,-9,-71,464,-379,-71,-20,-64,291,99,-180,125,4
23,35,-60,-45,-21,-30,8,-4,10,16,17,25,-14,-18,-23,-3,0,-6,10,0,-16,-8,64,-262,408,-266,100,69,137,-63,-79,-39,22,25,21,-27,-10,12,35,33,-15,12,-21,-10,-14,-1,-13,-5,-16,32,-2,268,14,-740,500,-185,76,125,27,-32,-26,-94,46,41,43,26,-12,-14,-32,8,1,-4,-14,-17,-5,11,4,3,-15,-13,-8,212,-57,-223,-9,101,91,-19,-65,-42,-36,37,33,27,14,-19,-17,-10,0,2,12,8,-6,-6,2,3,-14,-7,-4,3,3,21,325,-72,-146,92,148,-34,-11,-10,5,-9,8,9,-19,33,-14,-4,-6,-5,15,6,8,-9,-24,-3,-1,-5,8,-1,2,-8,-5,5,35,65,20,-43,-90,101,-33,4,-29,62,-72,7,14,-29,66,-45,22,-11,17,-9,24,-9,-10,-15,66,-83,16,26,36,-107,18,30,23,4,-23,-3,-3,-24,12,8,5,-20,34,-30,-6,9,-15,18,0,-10,-3,-1,-10,12,13,-10,-7,6,-55,79,-39,-4,12,31,-37,3,9,-19,9,30,5,-11,10,-19,-3,18,14,-16,22,-12,-7,7,-2,4,-3,-5,-4,5,6,3,7,2,8,92,-23,-106,23,63,-21,32,-21,-13,-15,17,5,-2,1,0,2,10,3,3,11,-9,5,-4,5,-7,-11,-1,102,207,-527,87,-54,220,-11,-61,22,-57,-35,44,44,30,18,-17,-1,-31,11,9,39,-18,-19,-14,-16,13,-3,-9,-13,3,-2,12,101,-42,-103,25,-203,127,125,8,11,-35,-52,19,19,16,37,10,8,-9,-12,-23,-6,4,-4,4,-5,0,9,25,-318,-266,-92,84,97,242,-109,-138,-110,80,48,93,70,-39,-22,-53,-33,-9,-68,35,-24,30,15,-1,-12,-6,13,-3,-19,15,-3,3,11,-57,450,-306,-93,-57,26,164,173,-185,-114,69,33,57,-16,-90,-29,40,56,20,-20,25,-3,3,-40,-29,-12,29,-14,-16,-28,23,151,-197,19,-90,75,163,-1,-116,-30,40,39,-21,-21,-29,5,58,8,-60,-10,5,19,2,5,-14,-2,13,15,28,379,-299,140,-14,-25,-92,-28,-27,76,98,-45,37,190,-45,-286,-75,139,69,71,-31,-123,11,81,41,-56,-17,2,-6,24,35,-38,-11,-171,514,-414,-41,-47,-18,179,54,-142,32,10,-11,-15,-3,-8,57,29,-13,-60,-30,-22,14,12,26,-13,11,17,1,-22,-16,-31,-10,24,15,-18,47,-56,250,-158,-39,10,13,187,170,-129,-93,3,25,23,22,-25,-44
-12,35,-8,-50,38,2,17,27,-13,-27,-7,141,-162,-168,80,99,-144,145,77,-252,108,28,-30,28,-33,-63,-21,-59,42,35,22,47,-8,32,14,-16,-24,-29,0,5,-1,75,-83,204,-204,-174,140,68,72,-147,-50,8,60,65,17,-15,-17,-62,-7,5,41,16,0,9,-3,8,-3,-35,-44,-6,5,688,-1175,391,-375,338,118,21,-103,-54,-110,15,21,20,72,-8,-6,-49,8,-25,0,12,8,3,25,-7,11,0,3,8,-15,9,0,3,-14,-2,-5,8,5,-36,89,-152,-108,66,2,3,33,52,8,-74,-11,-13,19,23,-1,4,-11,13,-21,-19,4,2,0,10,11,4,-15,-3,-4,21,-6,-20,6,1,6,-8,24,14,-27,-17,-11,17,0,-9,-9,-1,10,8,0,45,84,-43,30,-30,7,-12,-45,95,-202,91,-15,64,-39,44,-9,-43,17,-35,49,15,-20,23,-22,-11,13,0,12,-15,14,-36,7,6,135,-221,-114,96,96,-29,-27,-1,-3,2,59,-14,-2,-10,-14,3,-12,2,4,5,-1,2,4,-4,2,-1,18,-2,-7,-11,-11,-7,21,-18,65,-1,-52,8,38,-34,-41,13,56,22,-12,-30,-17,-1,3,27,10,13,-15,5,29,-12,-5,-8,195,-289,-384,576,-307,169,115,-89,-126,-55,33,90,63,17,1,-3,-24,-52,-15,-15,19,8,-2,-12,-7,-23,-3,1,1,5,-3,1,27,456,-398,-468,263,-117,317,125,56,-189,-103,119,30,50,-6,-87,-24,37,8,28,-47,6,-15,15,26,4,-8,-16,-354,39,687,-564,-104,-8,91,351,-259,-157,116,51,35,-33,-61,-26,49,52,13,-24,62,-29,8,-5,-37,-3,4,26,-69,32,67,-483,1614,-1233,243,-73,52,292,-246,-264,228,178,-36,-112,-3,-67,93,70,-41,-101,45,1,16,19,-7,-50,-2,15,93,43,-266,-447,427,270,365,-91,-341,-121,97,41,40,-65,-35,24,53,11,-47,-47,17,17,46,20,-35,-37,3,30,18,-7,-19,-24,18,2,10,-11,-2,-12,6,26,108,-239,75,-50,174,-219,4,-27,56,111,-68,-47,30,10,57,46,-27,-48,-52,5,21,3,7,-22,23,46,-24,-44,-87,-18,21,28,31,2,11,18,-24,-414,927,-488,29,-101,-26,263,-75,-260,48,84,79,26,-20,-100,6,64,78,-47,2,-25,-23,8,17,-30,-18,31,293,-327,-281,32,95,-29,109,175,-28,-116,-26,-17,49,6,-31,-11,-4,-16,20,-24,38,1,24,0,-23,-24,-13,13
75,265,-415,450,-356,179,110,-142,-31,-54,-29,63,48,-13,-7,-8,25,19,28,-18,-15,-20,5,-11,2,-5,-7,6,1,14,352,-344,-509,264,-259,311,34,-41,-30,-88,-61,84,41,34,21,-35,4,4,30,-42,-15,-17,-2,8,25,6,-10,-27,-18,0,35,637,-748,-189,-94,372,52,-46,-38,-46,-100,56,49,5,67,-40,-32,-30,20,-1,20,13,1,-10,17,4,-10,-7,4,-11,0,17,0,-19,8,45,-28,-223,18,41,24,-33,90,29,-95,13,-30,-19,80,-54,65,-47,17,-17,-13,-10,6,-26,65,-22,28,40,-75,-93,250,-22,48,0,54,-98,46,17,-56,113,-55,14,-32,6,57,44,-45,-47,-7,48,-19,93,-133,40,5,-17,19,0,14,-41,2,4,15,35,-45,31,-36,3,19,-4,-34,22,-13,-40,58,-83,27,14,16,1,14,20,-42,-2,5,-1,28,-22,15,-30,5,9,-6,9,-18,-12,10,-1,4,3,-3,-2,1,4,10,22,179,-365,12,-134,188,-6,21,-16,-7,-54,-8,10,-6,58,-17,10,-41,8,-15,24,20,-18,-12,2,-16,17,77,304,-158,-1182,670,-133,314,101,30,-110,-88,-107,24,52,88,65,7,-24,-52,-22,-55,18,9,-35,53,11,24,-16,-33,9,-108,111,-26,41,-21,-31,0,-37,46,48,-6,9,-3,-1,3,-13,-2,-4,-7,0,4,11,10,-5,3,-11,220,-9,100,-214,-154,97,127,237,81,-261,-66,126,-10,-32,-23,-21,-32,24,33,41,-50,45,-38,-1,0,-21,-19,-14,6,20,-12,72,-67,21,-222,825,-645,-6,-162,82,245,7,-198,46,64,-6,-22,-33,-60,44,96,58,-43,1,-51,-18,-2,14,-23,-20,8,1,40,148,-326,49,31,-82,203,101,-71,-83,3,125,54,-155,-115,63,32,-1,17,-25,-32,15,32,-69,34,16,-4,-8,2,3,-19,-16,-101,622,-627,112,-184,70,326,-92,-263,35,68,110,29,-45,-104,-11,63,55,-69,-10,-19,13,39,-3,-18,-11,-49,-25,33,92,-229,100,89,187,-84,-159,-28,9,-2,32,40,15,-18,-10,-17,2,28,-8,-23,20,11,-14,-14,6,-6,-20,75,181,-366,47,-30,109,111,-68,-36,26,-26,35,-34,-30,8,-12,14,12,-18,21,-18,-2,-2,17,-3,-12,-2,-21,18,-313,574,-442,20,-89,-11,186,-126,-123,114,90,26,-20,-62,-36,30,62,1,-55,23,-22,55,60,27,-84,-40,21,15,-2,22,347,-566,32,119,-50,69,164,13,-42
-44,-57,15,74,-14,-46,-37,3,7,21,-15,-15,-21,37,11,-4,-27,30,-72,220,-198,147,-129,14,63,31,-29,-101,-26,68,39,-19,-24,-16,0,36,34,14,22,-31,-16,-18,-3,20,5,-3,5,-14,3,240,-211,-435,266,-144,115,250,-65,-5,-50,-68,-29,-19,8,29,55,62,6,-14,-36,-21,1,-5,-28,10,82,-379,144,-336,222,40,152,-80,-21,-182,159,28,-2,2,-23,-15,-10,15,-13,15,1,1,-14,-4,17,20,16,0,-29,-20,5,19,17,1,11,369,-673,-243,208,177,-125,-23,47,-22,15,10,-1,-10,26,-23,7,-11,-25,11,12,4,-4,-1,9,3,-40,-209,112,-150,33,8,-14,4,49,53,-112,-25,24,9,60,-64,22,-26,-5,12,13,-5,8,-7,-1,-6,3,2,6,-35,-2,17,-7,-1,-20,11,14,8,3,-12,3,132,-233,13,-8,-33,128,-30,46,-49,25,-36,-46,90,-64,38,-12,-18,7,37,-23,15,-16,3,4,-17,1,-1,17,-22,24,67,-111,24,32,15,-49,22,-20,11,11,26,-23,10,-18,-7,18,4,-1,-12,-5,3,-11,16,4,-5,-8,-1,-5,6,10,1,-2,1,-9,-11,6,47,17,-74,-20,-16,41,-25,25,4,0,-20,-21,6,21,23,10,1,-16,-2,-7,6,8,-2,-9,-2,64,16,-112,-207,74,120,96,-122,-13,79,8,-32,-15,42,8,-23,-15,-17,0,25,10,-2,-7,4,15,-22,10,-44,-29,-3,27,5,1,111,145,-1486,1403,-563,64,105,140,-20,-73,-92,-12,34,29,55,13,-5,-10,7,-32,16,-19,18,6,18,-15,-3,-33,-851,830,-321,84,22,305,42,-272,4,46,35,61,53,-70,14,-83,-11,-24,-27,40,4,26,11,-9,5,1,-16,-17,-8,19,1,23,17,-21,-35,281,21,-234,-65,-24,37,222,-136,-101,82,-3,41,0,-31,6,7,41,8,-70,36,-36,27,14,-4,3,-8,-17,-153,193,-41,-399,-29,151,213,-63,-67,99,109,21,-76,-128,-107,30,99,66,-71,-28,1,20,35,9,-51,-31,46,45,-11,0,-42,-22,28,31,-61,55,-357,304,-355,132,438,-118,-293,48,76,125,58,-108,-135,21,77,52,-42,-25,-19,-41,60,59,-169,32,164,-304,211,-27,88,37,-123,-77,30,-25,8,-6,49,6,1,25,-43,-23,22,-19,35,2,-2,-29,-4,12,3,11,8,-67,105,76,-243,-54,-15,111,47,26,-40,43,1,-23,-36,-69,-32,44,72,23,-20,-38,-24
9,-25,72,18,12,-12,-29,-19,2,57,85,-98,25,-121,115,118,-175,-18,60,24,32,-16,-56,-3,15,57,-36,-13,14,-22,11,0,-8,-10,8,23,-19,425,-858,12,256,90,114,263,-249,-172,77,-26,77,32,-75,2,-5,-7,49,-29,23,-5,12,16,-5,-6,-22,4,-91,286,-286,360,-227,114,9,-218,61,16,25,6,-13,-37,23,31,64,5,3,-23,-12,10,15,10,-23,-22,-13,-6,14,18,25,534,-968,31,-85,41,374,-47,13,-142,-91,55,36,52,84,-27,-8,-31,-9,4,46,-15,-15,-24,8,3,24,23,-23,-43,-33,3,995,-1021,120,-73,105,-107,33,36,0,-40,-5,21,-32,86,-80,13,-66,47,-16,42,13,-23,-21,9,-22,11,16,16,0,-20,1,250,-99,93,-68,-16,-43,-32,56,-57,61,-30,46,-15,-33,4,-22,40,-16,-20,24,-26,18,18,-31,15,10,2,-14,-9,19,-30,46,-21,-22,12,-73,63,-100,54,-41,42,-19,32,-9,4,-9,-12,8,2,-29,29,-14,0,-4,-7,-2,-10,17,5,-1,-6,-5,30,-6,-5,16,-1,-12,-17,2,-33,-25,20,22,37,-4,-43,-53,43,19,17,5,0,-17,2,-24,-17,29,22,4,-19,-28,-18,18,15,87,483,-681,69,62,123,-13,30,2,-75,-66,36,28,32,49,-68,-3,-13,51,7,-1,-7,-34,-12,17,-6,2,0,15,-3,121,40,-292,226,-147,178,124,-10,-80,-122,-36,63,129,50,-2,-64,-54,-12,47,38,-9,-26,-55,-17,28,54,31,-19,-50,-41,19,624,-788,473,-28,20,10,101,-64,-145,41,53,33,80,20,-34,-10,-41,-43,-38,29,8,-4,-17,10,3,2,3,-19,-39,7,66,-163,-307,-83,-242,36,22,379,28,-447,119,115,49,6,-24,-127,34,46,107,-11,-68,10,-95,23,25,0,-28,-1,24,-136,135,9,0,-47,-52,223,-96,-44,-89,67,139,-25,-86,-52,-8,39,49,10,-31,-37,13,14,-9,9,20,-33,45,-34,-26,-69,-5,-231,949,-693,144,116,239,-100,-352,-3,241,9,22,-70,-74,-3,52,68,-28,-63,64,-37,19,138,-138,32,-60,27,-29,29,38,-949,1660,-1049,186,189,622,-72,-491,-236,274,101,125,-70,-155,-47,152,73,-86,-87,71,-37,48,46,-28,-59,-1,463,-416,144,53,-172,-66,224,-135,-13,-20,93,253,27,-176,-125,-37,27,18,16,-19,31,72,49,-66,-77,-40,25,45,38,2,-23,-10,28,-35,18,59,66,-59,-233,-93
56,197,120,-126,-4,38,-27,-36,-28,-37,34,49,36,-34,-21,5,-9,8,3,-7,-12,17,10,-31,23,37,-5,-130,-421,196,-7,227,136,168,-157,-161,33,-13,32,6,-33,-39,7,11,43,-23,36,-16,2,-3,-9,-9,-8,10,5,98,-102,84,498,-1550,587,64,2,102,110,-112,-21,5,-6,49,16,-27,-13,-8,6,32,-22,23,-27,-5,-13,-5,-5,2,3,2,-19,90,68,-120,-324,286,-134,78,139,-45,-16,-72,-4,32,36,21,9,-16,-15,-17,1,-10,-27,9,16,0,-10,-10,-10,-15,-4,8,-4,504,-688,202,-109,146,12,-65,66,-10,-39,-3,34,-12,41,-43,8,-31,41,-13,20,15,-9,0,5,-30,-11,8,18,6,1,7,69,-5,-215,35,73,29,-31,-13,-4,7,4,6,-18,-8,2,-4,16,-3,16,-3,6,2,-23,2,11,-18,-3,-13,8,-17,16,12,-17,344,-274,54,62,-24,104,-21,75,-96,31,4,-58,94,-75,40,-9,-9,11,27,-42,13,-18,14,8,-4,2,-22,45,-30,17,-5,28,-88,-7,79,-36,24,-43,44,-25,22,-1,-25,28,-31,33,-8,-7,3,-5,2,-1,17,-8,-15,4,1,-4,9,-25,3,65,-104,-3,39,-39,-2,20,20,-16,29,-8,-27,11,-2,3,6,-4,13,-13,-10,13,-38,18,3,6,-3,-8,6,-18,6,-2,-11,7,-11,-20,445,-639,107,26,78,-91,-18,31,-39,-19,9,-9,16,40,-58,42,-39,43,9,-18,-2,-24,4,2,-6,9,8,7,229,-176,-204,13,281,54,-94,-21,40,-76,29,8,-12,47,22,15,-18,12,-14,-21,26,-10,-20,-9,-4,2,5,7,-12,-1,195,160,-336,-118,176,-97,20,-15,-109,44,59,4,62,15,-30,5,-29,8,7,-32,22,-27,20,-24,1,-2,-21,6,-6,296,-333,131,-86,103,257,283,-163,-353,58,102,67,54,-61,-71,-4,-70,36,-9,43,32,-26,5,-24,-3,13,-18,10,-9,-13,-6,-93,64,124,-38,166,42,-284,-45,72,178,167,-301,-81,130,13,6,-14,-47,25,45,66,-39,-67,31,-18,68,36,-47,-41,-22,31,14,43,-12,-18,-45,-34,-70,122,12,-45,-135,171,203,-50,-202,-14,51,17,30,-28,-92,12,61,58,-52,-25,29,-21,40,-2,-21,-21,1,25,-11,16,-272,846,-931,299,-156,-66,293,-72,-113,175,-78,-19,49,45,-29,-71,-27,23,-39,88,-41,-19,19,26,-12,-18,-21,-1,-9,47,5,-36,32,-20,-10,4
-38,18,45,31,-41,-61,31,0,72,-52,-72,22,53,38,-18,-51,-25,30,10,19,3,-15,8,21,29,-25,-50,-14,-18,33,48,-6,-21,-115,-22,-32,56,128,126,-71,-21,3,-52,-28,-1,24,9,-6,4,-71,-52,57,28,6,-7,-35,-12,-4,-16,12,191,7,-337,232,-103,80,10,-61,-68,2,-25,11,63,-15,-21,16,26,21,-3,-9,16,-14,37,-4,-36,-43,12,15,-1,1,21,18,27,-226,83,0,-27,77,6,3,-36,8,10,-4,21,36,-12,-18,-13,10,2,-6,-14,9,-10,-5,-3,16,-18,-7,6,157,-51,-172,-47,184,66,-50,-62,-5,-28,41,17,-2,-17,-16,-6,12,24,3,-3,-1,22,0,-11,-9,2,2,-11,-6,0,21,-8,98,-106,-235,93,92,-41,-9,29,6,-32,19,10,-49,42,17,-18,-17,-28,44,-4,26,11,-39,-7,7,0,12,12,13,-20,-36,-8,-8,-79,231,-152,43,-68,31,-3,32,18,-48,-31,-28,16,76,-49,35,-57,-3,14,19,-6,2,-17,-8,7,6,1,-11,-14,138,-120,-4,11,42,6,-14,28,-27,-5,-7,-13,20,8,7,-34,2,3,4,8,-4,-17,14,16,1,-5,-9,-9,6,-1,29,-22,-31,-20,12,57,-21,18,-6,3,-3,-14,17,-12,3,-7,-5,13,-12,6,-2,6,1,7,-1,-13,3,6,-3,4,-6,-8,14,6,105,-97,-112,-10,124,-35,-15,-16,9,-19,7,8,-14,27,-8,-16,-8,23,13,-12,-14,-2,-3,5,-10,2,7,1,77,67,-226,-47,-101,151,-14,-10,-3,-23,-29,21,11,26,43,2,-12,-6,12,-6,-7,-1,-14,-6,3,-14,-11,4,5,182,185,-533,510,-355,222,14,-34,-90,-37,12,59,70,23,-1,-25,-17,-21,13,-12,29,-29,8,-5,16,5,-5,-12,-11,-9,35,647,-1162,578,-80,-11,136,164,-13,-277,49,72,59,80,9,-87,-6,-66,14,-2,-18,7,4,15,12,-18,-8,-9,3,3,15,-152,122,93,-361,899,-766,-1,-86,109,357,-206,-167,162,41,-63,-3,-18,-44,80,36,7,-82,39,-17,43,32,0,-62,-20,14,4,-62,110,-23,28,-26,-264,331,-163,-174,142,167,223,-57,-273,-73,36,42,45,-32,-47,-8,55,36,-40,2,-1,-19,26,8,-29,-23,15,7,-4,-22,-2,-8,103,-77,31,-58,24,24,-144,380,-411,153,-128,88,116,-97,-71,69,2,71,23,-66,-58,-25,18,11,-12,53,-6,31,-6,-23,-40,-2,7,12,18
7,-96,240,-175,69,3,-152,78,-22,40,-8,-100,55,82,-18,-27,-7,10,20,12,-8,-67,2,19,16,18,-2,-23,-12,13,33,-12,92,-49,-402,9,171,91,308,22,-290,-40,46,5,34,4,-49,3,-21,6,-6,17,28,-13,-6,-18,-18,4,-12,4,-5,42,24,41,-302,343,-105,-33,21,-10,-8,-21,-28,24,15,-12,26,5,16,10,1,-15,10,-6,-1,-11,-1,-16,-6,4,7,6,464,-203,-615,121,201,190,47,-90,-52,-53,11,58,43,30,-20,-14,-21,-3,-275,142,-35,-37,28,5,14,-10,-21,-26,-3,21,59,125,-431,272,-259,346,-76,45,-48,35,-84,55,3,-33,43,-49,11,-7,37,-14,11,-23,-3,-1,23,1,-16,-13,-12,-40,15,221,-345,149,63,-6,-58,24,57,-52,27,-32,-9,43,-52,43,-38,9,1,3,-4,7,-9,-3,-8,-5,12,13,3,-115,186,-190,74,-20,56,-45,31,-16,-31,-8,3,43,37,-53,27,-33,0,24,1,-5,-7,-26,18,20,-31,0,5,25,-1,-74,24,-2,23,12,-3,4,-21,-14,-1,33,-12,3,4,-26,2,12,4,8,-5,-6,-9,22,1,-20,29,44,-68,-22,50,-11,-18,4,41,-11,-19,-4,-8,11,-1,-12,-10,-17,8,5,1,-2,-10,3,-9,-9,6,9,5,-10,4,23,180,-58,-167,13,130,18,-62,-7,-8,-4,8,6,8,7,7,-22,5,12,12,-24,-5,9,-8,7,-1,-2,1,-8,17,473,-151,-572,106,269,114,86,-86,-103,-87,58,72,65,57,-18,-24,-40,-5,17,19,-26,2,-28,8,-7,-14,4,3,10,-10,20,480,-929,1690,-1005,203,-9,156,-16,-213,3,71,-8,62,43,-70,37,-43,45,-32,-5,14,-8,17,-1,-17,2,-11,2,-4,-1,1593,-1804,-57,35,200,157,534,-371,-366,180,48,67,-6,-36,-87,-11,-8,73,-30,78,-14,-31,-20,-4,-25,9,12,18,-36,27,23,-69,134,-784,1907,-1371,246,-154,96,467,-196,-388,242,131,-60,-37,18,-143,103,88,32,-128,21,24,-16,41,9,-75,-11,43,25,-45,91,-45,-180,46,32,186,-72,-83,60,42,160,-24,-252,-42,67,57,24,-52,-46,5,42,36,-42,-17,8,8,21,2,-25,-23,2,34,8,10,-8,-203,-107,79,-74,129,-142,-19,-57,54,200,-69,-47,-72,-11,115,12,17,-38,-53,-5,-7,-12,28,9,25,-5,-17,13,-14,-10,11,16,13,-10,-33,-87,118,-113,125,-282,-66,35,110,193,-101
-202,87,111,-24,22,-28,-59,58,45,-21,-68,1,21,11,12,-10,-46,27,42,-12,-31,220,-380,-101,112,43,154,136,-132,-106,50,-1,11,-2,-47,-3,7,7,-6,-30,50,15,7,-2,-39,-15,1,10,0,13,49,38,-312,248,-48,-9,-25,76,-36,-78,-4,22,15,18,10,0,11,-20,7,9,10,-17,-19,-5,13,-15,-9,9,5,107,67,-186,-171,57,28,90,88,-73,-16,-29,13,29,2,25,23,7,-15,-3,5,-5,-12,-13,16,8,-11,6,-21,-6,-12,120,22,-203,-81,8,166,-24,-58,36,3,-32,-4,-1,13,9,-3,-6,17,14,-14,8,19,-2,-1,-16,-15,-13,14,23,-9,-9,-9,82,-337,-256,108,176,-123,29,-32,54,-61,43,-2,-18,21,-10,-23,-1,-55,43,-8,27,24,-19,-12,-15,-6,12,-11,1,5,5,-27,239,-331,151,-62,48,-116,30,57,-61,34,-1,-6,42,-123,123,-94,45,-6,28,-21,7,-11,3,-6,5,-51,-3,30,-13,85,-147,34,3,71,-28,7,-27,-1,-4,7,30,10,-51,27,-22,5,0,16,-27,21,-1,6,4,-5,5,-9,-93,-24,-128,22,46,32,-47,22,19,-2,13,-30,6,17,3,4,-17,-5,-14,-2,11,-2,3,3,-2,5,8,5,-24,0,-2,4,-2,6,4,118,93,-108,13,29,-18,-13,-22,17,7,29,-23,3,21,-28,19,-10,6,0,8,-3,-1,1,4,-12,17,103,-84,-201,-31,130,103,-39,-51,-55,-15,54,17,6,1,-21,7,-16,-2,5,-6,5,15,3,6,2,-11,12,10,-3,-9,-9,-10,8,6,17,84,-100,68,-63,-34,40,81,-15,5,-27,-28,-18,11,31,31,15,-7,-8,-10,-11,-13,-6,9,-2,15,5,0,-288,506,-518,313,-85,214,-41,-102,-94,68,71,66,39,-46,-30,-14,-11,-13,-8,-17,16,-10,34,-1,15,-31,-14,-6,-9,-7,0,6,3,11,-3,464,-87,-287,-40,12,144,170,-31,-156,-12,70,31,21,-34,-50,-25,11,29,24,-12,12,-4,20,-10,-15,-27,-17,-3,-462,352,-91,-301,18,13,266,76,-167,-51,186,-8,-53,-59,-109,-3,64,78,-59,-40,25,-18,40,29,-7,-1,1,10,-34,-22,0,-25,15,43,67,-49,-77,717,-708,-23,-153,30,576,-30,-392,71,172,-36,8,-15,-124,20,96,58,-92,-29,50,-40,47,23,-28,-59,21,136,-211,123,-194,154,81,140,18,-304,-42,46,90,31,-63,-8,16,1,16,-30,3,5,-10
24,-21,2,7,-19,33,-9,-8,-10,-4,12,26,269,42,-44,-2,-2,241,-283,-70,-22,138,111,13,-5,-53,-26,19,-42,-56,-2,57,99,-22,-52,-46,-10,47,27,1,-39,-21,21,-16,50,-2,-16,2,1,-7,-15,-5,-267,385,-142,-13,-141,-28,97,40,-13,-7,-17,40,12,-17,6,-27,12,32,18,0,-10,-12,-5,2,-3,-2,10,7,0,52,170,-486,-90,160,118,287,137,-315,-143,45,36,71,-5,-53,-19,-29,3,10,-24,44,-8,18,23,-22,-41,-7,19,19,25,-156,69,-3,32,41,-54,-68,-30,5,12,37,14,-16,-1,-13,15,24,15,11,1,-5,-15,-16,-1,-1,3,-3,3,2,-2,3,13,99,-83,113,-388,110,-39,230,17,-10,-62,-47,11,43,30,19,1,-28,-20,-28,10,5,17,4,-12,6,-4,-3,3,-6,-3,-2,-6,-13,-14,27,59,260,-374,-62,64,187,-34,-24,15,5,-43,6,13,-22,50,-5,-1,-17,2,-2,5,0,-2,-7,-4,-10,-4,13,4,2,-13,2,-11,-7,-121,291,-174,-64,85,14,-4,31,15,-36,-41,32,-7,16,-1,-17,18,-20,13,4,-1,-16,-9,7,8,5,-3,-6,-5,-6,17,-6,9,-1,-24,27,-55,40,-16,22,-15,20,-9,-18,8,-17,34,3,-13,4,-12,-3,25,-3,2,-16,4,-1,-8,-18,20,-18,-38,137,-142,44,-22,20,2,3,15,-26,-6,-8,24,32,-55,45,-45,-5,4,4,-1,2,2,-5,2,0,-9,4,0,-4,6,142,43,-144,-55,101,4,-26,-15,22,-15,14,-12,3,32,-31,-1,5,-14,12,0,-8,8,-5,-2,-11,9,-9,39,7,-6,-2,1,-4,-7,19,145,-28,-53,1,54,18,-27,-20,0,6,-13,-3,10,-5,9,-11,-7,1,24,20,9,-9,-14,-10,2,1,5,48,145,-238,-102,78,212,-25,-87,-93,-3,29,62,15,0,-2,-17,-14,24,11,46,5,-9,-45,-14,7,-11,21,4,5,11,356,173,-1067,941,-508,188,108,-69,-100,3,-18,66,66,7,3,-24,-17,-13,15,-32,17,-23,17,-4,7,-6,-8,-13,-14,5,-67,-370,344,-178,-49,41,253,111,-162,-163,42,53,66,58,-45,-48,-43,-38,12,-1,25,31,13,13,-12,-21,-9,-2,0,3,0,-3,-7,-6,2,-317,579,-477,-252,16,50,362,-57,-417,98,143,43,-41,-51,-71,65,79,59,-76,-37,64,-26,35,-11,-54,-41,21,52,-24,-1,-4,-40,35,19,-12,-122,447,-704
-124,126,180,419,-197,-296,110,38,44,10,-58,-58,11,83,10,-75,8,-25,12,41,3,-43,-18,38,24,-12,6,-29,-26,47,14,-15,-10,12,-10,22,4,-6,-24,6,9,8,-8,-12,-13,-1,409,-182,109,-33,-51,43,-42,-3,42,-8,53,-11,-33,45,15,-4,6,-46,-41,-35,11,28,14,27,12,-2,-17,-12,-5,1,22,22,-4,1,-30,-18,5,8,5,-7,137,-40,-6,-54,-101,38,42,22,-47,-55,36,53,-25,-19,-15,14,26,17,7,-5,1,2,-10,-10,21,7,1,-5,-67,85,-160,25,19,92,81,128,-5,-93,-1,-21,-24,-13,-9,2,0,0,-5,-10,32,17,0,-23,-12,3,-11,-1,7,110,-93,210,-172,8,94,-20,-4,-10,-65,-9,17,23,-2,-16,-12,17,27,25,0,-10,9,-10,-1,-1,-4,-12,-9,1,7,116,19,-60,-399,119,-35,150,74,-42,-1,-28,-40,57,12,3,9,-15,4,-1,3,-8,-6,25,-9,8,11,-20,-7,-1,-13,13,571,-467,-251,0,386,-34,-47,-39,-46,-52,67,15,7,35,-24,-25,-21,14,1,16,12,5,-13,0,-6,-7,1,0,0,-10,-21,0,57,-54,-4,11,-5,13,24,3,18,-35,-33,11,24,30,-17,-26,-13,23,21,-15,14,8,-28,-19,0,22,13,-7,-3,-11,17,15,193,-153,-9,-31,17,4,4,44,-69,8,-4,-17,71,-78,65,-50,20,-13,14,-5,22,-14,-9,-18,56,10,-22,-9,-26,152,-130,64,-49,39,-26,24,-5,-21,-13,-7,36,2,-60,50,-29,9,14,2,-11,-3,12,-10,-5,-6,5,24,-18,76,-133,12,54,-5,-22,-22,43,-1,13,-15,-26,19,-6,5,9,-19,-28,-6,29,15,-10,-8,9,-17,-16,5,16,16,-2,-11,-9,-7,23,44,51,-149,-44,23,80,-8,-24,-1,-14,-14,8,1,8,23,5,11,-2,-4,-16,7,3,2,31,-10,-51,-13,41,49,-3,24,116,-292,104,-136,101,187,-185,0,-3,-52,33,45,-13,25,-6,35,9,-39,-31,16,10,-23,13,0,-18,-14,17,1,-9,-10,33,6,-58,203,-230,71,-28,97,66,-73,-45,-19,84,33,-16,-24,-7,-31,9,3,5,-26,13,11,6,-8,-23,-9,9,-4,-9,-17,1,119,-382,-132,-217,128,30,385,103,-299,-176,95,76,32,54,-93,-89,-14,-27,50,33,30,3,-24,23,-8,-23,0,-13,-4,2,12,3,-36,45,-23,24,-28,-194,777,-671,91,-137,185,250,-12,-301,28
70,-12,34,-14,-100,46,68,70,-76,1,32,-36,37,2,-43,-48,20,48,-4,8,-201,130,-165,-113,-203,819,-656,557,169,83,-197,-462,-222,211,50,172,61,-41,-58,24,18,-39,-89,55,-25,42,32,-13,-53,3,46,4,-34,17,-31,10,52,13,-17,-26,55,-138,22,44,18,27,-51,23,118,-56,-55,-94,-12,37,1,30,30,2,14,-27,14,3,0,-2,3,7,12,-29,-10,0,8,23,9,110,-10,-147,53,-202,-114,54,81,279,-49,-251,88,76,-69,-10,2,-75,78,44,18,-66,4,19,-18,25,3,-30,5,24,21,-35,26,52,555,-637,-183,35,90,199,308,-159,-173,45,-6,32,-7,-60,-8,-7,4,1,-11,31,-7,28,-6,-15,-24,-12,21,-9,9,28,-10,22,-177,411,-394,258,-143,86,6,-17,-57,2,3,18,6,-3,-5,-3,1,16,21,-5,12,-26,-10,-1,2,6,5,-20,-1,7,5,8,41,47,213,-430,22,-111,353,135,-99,-64,9,-10,36,16,-1,-4,-18,6,-23,9,-4,24,20,-6,-3,-7,-3,-9,-4,-6,5,-7,14,-25,-54,94,-46,-13,107,-159,3,71,9,-28,-12,26,1,5,-2,-20,3,3,4,7,-1,6,-18,-13,11,12,6,-2,-7,-4,-2,28,5,8,46,-89,-10,8,120,-189,96,20,-34,60,-21,-6,-23,11,6,-21,13,-34,21,12,-30,9,0,-7,13,7,14,6,-5,-4,-24,26,-9,23,40,-55,-99,68,28,9,-20,23,-8,-22,6,-16,27,-7,-17,10,-26,17,7,-3,-4,7,-7,-12,6,26,-18,-30,6,13,-3,-2,2,34,19,-54,-19,-2,14,-12,35,-14,-57,-5,17,19,5,1,-3,-1,-9,2,12,17,13,-23,-19,4,10,1,-2,5,2,-14,-13,62,276,-184,-21,102,103,-25,-39,-8,-20,12,16,-7,23,24,-2,-10,5,-1,2,1,25,-26,-11,-3,6,20,-3,2,-7,2,-7,26,202,-524,773,-405,76,8,90,-87,-76,-34,35,50,19,19,2,-16,-27,4,-14,18,6,0,-8,-6,-2,17,-4,-22,4,16,-10,0,50,-379,893,-533,111,-59,286,10,-332,5,164,4,87,31,-92,2,-77,-14,-4,-36,51,-8,42,8,-28,0,-10,5,-8,-18,37,-20,4,12,-46,-44,145,-267,-31,-108,175,123,-194,22,51,7,8,-36,-59,28,60,62,-53,-20,7,10,86,33,-35,-83,-24,42,-9,-9,-28,-27,-291,302,339,-569,157,-113,308,63,-297,75,157,-51
-21,-51,-19,-14,21,80,-44,-28,37,-63,59,15,-1,-54,-10,35,-15,19,3,-48,21,-176,604,-629,182,88,252,-29,-231,-128,73,63,76,-38,-48,-32,23,54,-7,-53,29,-25,32,16,4,-33,-34,56,-12,-18,-57,-226,400,-261,-16,378,331,-75,-341,51,-34,-2,67,54,-60,-15,51,2,-73,16,40,-42,38,24,-33,-27,-6,6,48,836,-98,-240,44,-205,82,170,18,30,-47,24,57,-16,-64,-66,-4,19,9,20,-13,20,18,-6,-2,8,-9,-21,-20,6,-4,-4,6,9,11,45,-156,23,-5,-142,70,-90,188,33,-106,-47,-8,58,42,-39,-37,-3,32,26,-7,-18,-14,6,16,-11,-7,-6,-6,2,1,12,3,37,515,-1044,80,116,110,247,260,-296,-162,54,-18,43,20,-62,-16,-12,-17,17,-10,65,-16,23,-5,-21,-22,-18,-1,26,-16,7,-11,-4,-308,-808,882,-268,131,0,55,-52,-90,-10,63,18,50,8,-53,21,-14,38,-10,28,8,-15,1,-18,-10,10,-6,-2,1,2,-1,17,109,79,-433,78,-13,191,5,-65,34,14,12,3,-35,-24,-11,-5,13,8,21,14,12,1,-22,-4,-6,2,2,3,7,-3,-5,3,-50,480,-660,112,203,-12,-95,11,4,-31,52,5,-16,21,13,-62,34,-46,29,13,0,6,-15,-3,8,-30,31,-33,30,-3,5,-16,6,17,-38,-12,-44,162,-209,106,-18,-25,-23,67,25,-63,0,-18,1,48,-62,56,-49,3,9,5,-6,3,-1,2,-1,7,-7,9,-9,81,-124,22,99,-32,-95,26,61,-32,4,17,5,1,-2,-10,-3,7,-14,-3,-1,5,-3,12,2,1,-5,0,-7,11,3,2,-6,-11,0,6,11,21,-3,-74,26,-17,41,-19,17,-28,-5,-26,21,4,-9,12,-13,-4,10,1,8,3,-2,-12,0,7,-8,0,-1,-3,-2,-2,4,117,308,-1535,650,-192,112,82,-15,-32,-34,-81,-20,49,1,72,15,1,-21,2,-36,3,-11,1,3,19,-12,2,15,8,-5,-8,14,22,-73,85,-166,24,64,-41,89,-83,-65,-10,38,55,9,16,0,-37,16,-17,6,10,-2,-1,-18,12,3,-1,-8,3,3,1,-9,-1,-4,-6,-1,-37,376,-461,-160,79,127,262,155,-360,-67,153,8,96,7,-131,-36,-12,10,31,-6,17,-69,-99,19,-4,-17,20,4,-23,14,17,-40,-3,19,-22,-16,-3,-258,1520,-1426,325,-298,188,428,-195,-293,239,93,-29,-53,-25,-109,116,75,33,-118,19
-15,21,47,-3,-68,-28,34,22,-29,26,-28,-29,126,42,-183,-84,156,-160,15,55,192,116,-127,-246,35,44,15,76,12,-73,-20,11,28,-42,16,10,-21,42,16,-24,-32,0,7,1,22,-6,-26,15,22,38,470,-318,116,246,-350,179,-362,98,170,48,12,-55,-2,78,-38,-47,-96,-25,60,62,31,28,-57,14,-28,-5,-26,5,13,8,11,15,-27,-8,-3,29,-230,355,-193,-91,-7,-28,185,-84,-92,16,50,66,-21,-75,-31,17,79,19,-51,-11,-11,32,16,-13,-29,-18,18,24,-6,18,2,47,160,-120,-103,0,36,36,181,76,-52,4,-7,-18,-23,-40,-27,4,8,10,-5,-5,11,11,14,-2,-24,-13,-2,7,-1,1,6,0,10,123,-361,-17,203,-179,207,35,15,-76,-77,-52,23,49,25,-19,-9,-5,11,6,1,30,7,10,-7,-15,-14,-1,6,8,-3,-4,-13,8,82,222,-149,-207,-30,93,73,-9,-27,-34,-37,12,59,25,35,-15,-3,-37,-15,0,8,3,-9,4,17,-1,3,-13,-6,1,-8,2,-3,3,1,804,-1088,53,-96,428,-19,-43,-20,-35,-60,62,27,-10,51,-60,-1,-40,28,-10,30,-6,-1,-19,9,-12,-7,3,9,1,-2,7,-9,-7,-84,0,31,-38,180,-221,98,62,-32,22,-3,13,-52,14,-10,-19,61,-41,20,-19,-19,-4,21,-13,16,6,-4,2,-6,23,77,-48,-30,11,30,-3,20,-27,-36,29,5,12,-3,17,0,-5,-14,-15,16,24,-6,-2,-10,-7,18,4,11,-8,-5,-15,-2,8,-1,8,-2,-7,-4,7,-4,-13,65,-212,45,-118,150,-17,27,44,21,-112,-17,26,-4,43,-15,-2,-26,16,1,7,3,-5,-19,17,-11,15,3,2,0,-12,2,-6,5,23,161,-273,22,-59,118,100,-24,-47,-42,-39,8,27,22,41,13,-15,-2,-8,-7,8,4,1,-12,6,-8,15,5,-3,-8,-22,-5,38,184,554,-1810,394,109,120,-35,126,-176,-1,61,-25,75,11,-33,-26,-22,-5,33,-32,53,-19,18,-7,-5,-16,4,-12,-3,-27,29,-27,2,-2,-393,299,-189,-176,74,-31,376,215,-580,12,168,29,64,-40,-79,-25,-51,41,44,-35,109,-46,9,-24,-28,-7,-3,22,10,-21,38,-31,-5,23,5,235,-178,569,-890,-58,47,191,279,-54,-434,167,171,-111,44,5,-90,56,38,33,-76,-44,78,-63,43,13,-34,-26,10,45,-39,7,14,23,-29,36,-101,-143,437,-465,311,28,123,-61
-23,-6,8,25,4,-19,-22,-3,22,-10,11,-24,-7,12,7,0,8,12,345,-91,-343,188,-140,179,167,-77,-75,11,-51,19,52,3,16,-5,0,-12,9,-9,-10,-6,6,-8,6,1,-13,-10,-6,-23,32,38,-63,49,-121,13,17,14,28,-50,1,20,-18,10,20,3,-10,-7,-8,-7,20,11,-4,-7,-4,-5,2,1,-1,-5,0,3,-4,6,11,-291,-130,-334,21,16,-13,-8,22,71,-71,-30,24,-36,36,14,-44,38,-47,19,8,5,-17,-20,12,22,-10,7,-2,3,5,20,-1,0,-55,79,-76,61,-35,15,-22,20,8,-29,1,-13,28,33,-64,60,-30,-6,22,-4,-3,-5,-5,3,-4,10,9,-10,-23,1,-7,136,-203,97,23,5,-26,34,13,-31,-1,2,22,-6,-47,55,-34,1,15,-11,-3,1,3,-1,-8,5,1,13,-13,8,149,-197,43,35,56,-57,10,36,-14,-23,8,-4,14,-7,0,-2,2,9,12,-6,8,-9,-6,-5,-7,2,12,-5,-10,9,-8,4,0,-19,87,-83,50,-76,39,49,-19,-22,-18,41,-21,-5,23,-13,17,-6,-20,16,14,-12,-7,1,2,-16,16,-7,-3,5,1,6,2,162,46,-494,76,190,84,-26,-76,55,-40,-22,32,24,22,20,-24,-24,33,43,-5,-24,-64,-67,-8,26,46,47,37,-21,-31,-56,-38,86,32,10,29,244,-255,-69,-36,25,-20,-17,164,107,12,-21,-123,-80,35,-6,152,72,-112,-139,-47,13,40,72,60,-20,-36,-45,-36,22,80,636,-705,460,-199,82,163,301,9,-364,-55,108,35,95,36,-112,-20,-74,-4,-11,16,37,20,30,-5,-23,-5,0,5,-6,30,-10,-44,-12,-10,-36,778,-208,-67,-353,-82,290,274,27,-239,-37,3,41,30,-110,-56,55,94,24,-24,-11,7,2,28,-18,-52,-9,19,35,2,-13,-24,-11,34,11,-53,-45,883,-885,136,-151,144,351,-318,-216,207,67,53,-14,-62,-57,19,58,29,-86,47,-25,-7,26,-17,-30,-3,44,24,-26,2,-30,-14,27,23,-26,-436,-200,117,150,-264,75,-126,59,114,-13,18,64,-14,-10,-45,-73,-22,7,60,25,4,-12,-40,21,3,1,4,-8,3,5,-2,9,-4,0,-6,-9,7,50,-134,-28,0,-9,-142,85,62,-18,-28,-56,12,68,5,-22,-22,-15,21,17,22,-28,0,1,7,10,1,-4,0,-4,0,-12,-4,10,180,-212,-77,-66,9,151,173,-19,-149,38,33,6,-2,-56,-37,6,15,28
-1,4,-9,21,14,-2,-16,-30,-7,17,14,23,-7,13,-51,92,-63,26,-75,76,-77,17,46,9,-49,15,4,-18,0,-18,25,10,34,2,19,2,-2,-13,11,1,5,-6,7,-2,2,9,3,59,-77,-88,-81,-24,32,161,34,-43,-97,-30,-6,42,46,47,20,-3,-49,-37,-15,30,3,-1,-7,2,28,0,-6,-19,-5,-26,-19,24,181,-30,-251,-163,129,130,69,-47,4,-38,-26,-3,-11,4,1,7,-2,18,15,9,9,11,-2,3,-26,-23,7,21,18,8,-13,-13,42,-17,-69,-59,-2,33,47,10,1,-2,-1,-18,0,-2,6,6,-3,-8,-7,4,10,-7,-16,-3,8,14,-23,-9,12,18,3,-18,-12,-10,24,23,-3,30,-78,-15,108,-25,9,-35,54,-12,-17,4,-47,39,-25,-35,31,86,1,23,-100,-37,-11,28,49,29,-17,135,-61,45,-63,11,10,-13,25,31,-6,-24,-6,-2,-4,9,18,-44,19,-6,6,8,6,-7,-13,-1,3,13,-7,-10,-10,2,-6,-135,-8,-1,9,75,-16,-22,78,-81,-20,2,19,22,5,5,7,-6,-22,-16,20,-10,1,1,-9,-6,2,-5,12,-8,1,-2,-5,-6,5,3,-3,16,6,-7,40,-17,-265,83,12,62,-24,5,0,3,23,-14,0,17,-12,-9,-5,-5,4,12,0,-4,3,13,-10,-18,-12,1,2,7,16,161,83,-415,57,-38,180,20,-36,-22,-18,-14,39,34,9,9,-29,-31,47,12,3,-16,-16,-1,-11,11,-10,-10,-5,3,-1,-1,37,204,-154,-699,453,-78,101,112,1,-92,-48,-11,45,59,28,18,-14,-6,-21,-1,-33,6,-13,12,-1,10,-5,14,-27,-11,-4,8,24,95,-26,-418,-242,5,220,115,228,-240,-103,70,-37,60,72,15,-31,-10,-44,18,-86,37,-18,27,2,3,-6,-18,-13,1,-22,34,-68,237,-20,-547,55,39,164,159,-212,-170,159,30,6,1,-58,-67,45,30,49,-32,40,3,21,-8,-52,-67,-10,26,18,-9,30,-33,-12,-56,193,-295,89,-7,233,88,-205,-67,12,107,47,-77,-45,-32,26,59,12,-31,-10,-9,27,-1,-7,-22,-22,27,10,39,-4,-47,71,260,-697,192,233,289,66,-345,-72,91,-25,80,-34,-79,-8,82,64,-57,-35,26,-35,41,18,-33,-44,7,35,0,0,-3,-58,42,36,347,-1175,532,-61,361,40,-226,-218,95,-40,65,19,21,-50,-6,63,-31,-81,43,-13,20,15,19,-51,-15,59,-10,-22,26,-24,322
-319,48,279,-409,-31,-160,182,178,-13,-44,-22,62,41,-73,-68,-58,12,101,11,-9,-19,-16,4,-1,11,-1,9,43,-14,-30,-30,-21,15,23,26,-9,2,-9,-53,78,804,-611,-80,-148,21,308,92,-203,29,42,-10,-7,13,-74,30,32,60,-61,-3,26,-8,42,13,-57,-20,11,34,-22,15,-10,-32,29,15,569,-958,-46,-31,51,341,351,-172,-228,48,-40,-4,27,-56,-18,30,7,-8,-30,16,-6,26,29,-5,-12,-6,1,6,-3,-6,-15,-12,62,44,154,-478,187,-63,43,97,102,-92,-96,9,-14,21,41,-36,28,-3,5,29,-11,28,-12,-6,-5,-21,4,-3,5,11,-9,5,13,92,275,-842,677,-383,219,109,74,-90,-111,11,54,36,49,11,-18,-27,-34,-19,-23,26,3,16,-3,-3,-8,-4,-8,-9,-23,0,21,86,172,-454,-48,7,254,86,-78,-9,-89,-66,40,30,39,32,-31,-25,-20,0,-5,33,36,-19,0,-6,-9,9,-4,1,-12,1,0,-4,18,112,-297,-210,207,224,-111,-54,78,28,-44,25,-16,-29,42,-26,-1,6,-8,11,14,-3,-22,-24,4,20,10,-1,4,9,-13,-13,-4,1,-8,2,2,-2,12,-43,129,-55,-53,-23,29,2,6,4,18,41,-20,-49,4,-22,-3,3,2,-10,-4,5,8,16,-15,-9,-5,11,-11,-4,-6,-40,36,-102,80,-23,45,-44,10,16,-5,5,-25,56,-32,-18,49,-36,-3,26,-16,17,-8,8,-11,-9,1,-1,9,-14,9,8,9,-49,250,-236,49,70,-10,-31,5,44,-20,0,17,-33,44,-24,-7,8,-20,16,9,4,7,-5,-10,-1,-9,12,1,7,-10,10,-3,2,-10,-3,-10,22,91,-49,-165,28,42,20,15,10,2,-20,-21,-1,-10,24,9,-14,-5,13,7,-18,-3,6,-9,13,5,-9,-8,12,0,3,-9,13,-12,20,1030,-1158,147,33,425,85,-153,-48,-60,-65,50,62,65,48,12,-29,-38,-9,-30,38,-4,-5,-7,0,-9,-1,8,-1,1,8,6,-20,4,-12,0,209,218,-1291,859,-294,264,61,97,-167,-76,6,18,72,48,-36,-26,-32,-33,25,-22,45,-21,42,-14,9,-7,-5,5,-16,-20,30,-16,5,-3,465,-716,-396,-96,38,380,294,-32,-275,-85,105,57,50,21,-85,-66,-17,-45,43,28,18,20,-3,8,-26,-33,-11,1,21,16,6,12,-1,0,10,9,-65,-117,227,-431,-86,46,176,245,-250,-119,142,30,-47,0,-90,-32,73,69,-7,-72
43,-18,27,36,-10,-51,2,41,-7,-24,19,-79,76,97,138,-643,10,-11,482,-54,-235,35,71,-69,109,-87,-85,-15,60,117,-47,-71,41,-73,83,15,-7,-68,15,49,-17,-9,2,-42,32,40,-4,-38,-9,-20,-125,233,-184,107,94,-298,62,-106,177,90,-138,-43,80,74,61,-62,-95,-53,8,79,-10,2,3,-13,21,-13,-9,-2,47,52,-8,-30,-36,-37,11,33,12,21,-20,97,140,-566,31,-118,-105,43,240,-15,-74,-16,-4,41,11,-27,8,12,36,-18,-14,-29,-14,22,3,18,-15,-8,-10,2,-4,-2,-15,18,73,-16,-52,-114,-9,67,125,-10,50,-140,-18,74,51,12,-21,-75,-39,7,31,10,11,12,4,14,0,-5,-24,-7,-15,-5,-11,-5,-9,6,30,35,110,-358,244,-154,75,67,21,-8,-35,-49,-17,-12,18,24,16,39,-15,9,-16,-3,-6,-15,5,8,5,-3,3,3,-1,2,-5,-8,1,32,234,-50,-459,54,179,224,-29,-117,-67,-56,32,62,46,19,-42,-48,-16,7,13,14,16,25,3,-18,-32,-23,-2,16,19,11,7,-23,-23,-10,194,-74,-222,115,142,-39,-49,27,41,-39,15,-3,-14,27,-21,1,-8,0,-6,1,2,-13,4,19,-1,-4,3,4,1,-3,-4,-7,-4,-3,-28,82,-45,90,-92,-34,55,-88,56,-37,52,-8,-41,7,-23,64,-7,-56,59,-55,12,12,-9,13,-13,-1,5,-11,17,-7,27,-50,-26,-1,20,-13,-28,0,115,-133,29,17,-10,5,26,-10,-21,-21,22,-13,43,-26,23,-7,-17,6,0,-19,6,6,-9,8,1,-22,5,0,0,16,17,-39,-1,2,4,-1,5,3,-5,-30,-3,10,-5,17,-3,1,-4,9,3,9,-3,-9,3,3,-1,-7,12,-2,6,-10,5,87,-49,152,-128,156,124,-50,-62,23,-97,12,52,-24,58,8,-27,-17,21,-14,-1,6,2,-7,29,7,-12,-1,9,14,13,20,-12,6,2,442,-1,-550,31,187,64,56,-85,-125,6,0,37,111,19,-6,8,-45,-9,-3,9,-11,-14,10,-13,0,7,11,-5,-5,-5,5,-15,19,181,-245,-51,-201,73,114,152,9,-165,-52,112,-34,74,63,-15,11,-47,-54,-20,-57,49,36,5,-2,-33,-4,-6,9,18,-35,10,-11,15,13,0,-37,-344,960,-831,-89,5,27,349,55,-469,109,164,9,-24,6,-148,34,70,91,-58,-55,46,-43,60,20,-43,-57,-19,47,-16,0,14,-42,1,1,-372,987,-570,111
-174,178,172,-71,-321,104,130,-17,78,11,-146,2,26,23,-115,26,7,3,42,41,-40,-50,2,1,14,51,-8,-22,9,-43,14,2,37,-181,601,-538,-54,-10,120,206,-173,-217,112,75,46,-50,-69,-16,57,58,-6,-71,4,-5,19,19,-19,-14,-39,57,33,-26,-1,-34,-1,72,-22,-25,-32,-6,21,40,-21,-43,-25,12,22,35,38,12,-8,-10,-31,-33,52,-16,-69,-30,22,54,43,-55,20,48,-27,16,-21,-23,5,18,-26,-2,18,-13,-1,1,-5,-26,5,1,25,-10,-1,-57,30,773,-958,-79,38,130,280,290,-219,-132,58,-14,-2,20,-53,-26,7,14,-14,-12,28,23,46,6,-28,-27,-19,18,10,-2,17,-7,8,192,-454,-62,191,-182,182,9,63,-143,-25,-26,21,57,14,-30,1,9,27,11,-34,-19,3,45,12,3,-34,-6,-14,-1,6,82,0,0,-17,41,460,-968,782,-435,79,172,110,-105,-138,-43,44,37,49,50,-17,-10,-44,3,-12,17,-4,-19,-5,10,0,-1,-19,-9,4,5,4,-7,12,380,-950,376,-259,172,74,-75,17,-9,-98,24,17,-15,45,-29,-15,-19,22,-19,30,14,-19,-2,4,-21,-11,9,5,1,5,2,-10,-5,51,112,-234,-9,61,50,-13,-2,25,-9,-32,2,-1,2,20,-3,15,8,-10,1,-8,-10,-6,10,10,-2,4,-2,3,-6,-17,11,1,-8,4,-6,168,-132,50,-25,33,-43,31,25,-62,2,28,-31,78,-49,29,-37,12,-10,38,-20,-4,-1,4,11,11,13,7,6,-73,191,-240,108,-43,41,14,-8,27,-15,1,4,-18,54,-72,48,-27,-2,3,28,-16,7,7,-3,-3,-1,-16,-8,11,-13,58,407,-132,99,-227,146,8,11,-10,8,19,-44,0,5,-40,64,-38,21,-21,4,-10,22,-2,20,-11,-4,-10,1,-6,13,-1,-19,20,-11,7,-16,7,3,99,-283,-48,-40,17,11,-22,36,7,-75,34,4,-15,73,-49,10,-14,27,-32,9,-18,-10,10,18,-24,9,-9,3,2,-3,-1,218,-408,27,-65,175,101,-5,-32,-51,-52,18,27,36,11,6,1,-13,7,-19,8,-9,3,4,-9,-6,-6,-7,14,-12,-5,3,-9,3,4,203,506,-2929,1967,-315,268,-111,371,-230,-44,-13,-24,91,72,0,-41,8,-59,46,-46,31,-15,13,-4,18,-7,-3,-16,-8,-9,18,5,-9,13,445,-650,-78,-234,96,323,409,-98,-522,50,134,38,113,-12,-110,-29,-88,7,8,37,41
6,8,-23,-21,-10,-2,23,1,-1,5,-16,13,8,-3,-137,166,55,178,47,-611,116,15,303,33,-261,58,101,13,-66,-56,-22,21,72,55,-51,-41,18,-47,46,-9,-6,24,16,8,-36,-30,-14,-11,30,19,9,-351,2193,-2705,1348,-360,483,403,-317,-459,287,-70,99,-76,-51,-97,48,116,76,-157,49,-28,2,69,-15,-56,-58,63,30,-16,19,-55,-1,32,29,-27,-14,5,8,8,10,2,-32,100,739,-184,-409,1498,-1198,438,-357,222,229,-64,-86,-7,-39,117,-123,0,-44,67,114,6,-88,5,-76,75,7,63,-74,-30,28,15,16,30,-45,9,26,26,-28,-418,533,-84,-342,-57,-4,253,198,-200,-101,37,5,-35,27,-1,-15,5,81,-54,-10,24,-9,7,11,-5,-19,7,35,-16,-9,12,-25,172,-96,-435,-30,79,239,409,114,-279,-215,26,60,47,34,-63,-85,-7,-8,31,44,13,16,-3,0,-11,-5,-14,-9,4,-5,6,2,-3,-4,6,23,-2208,1863,-316,128,170,79,-17,-115,-87,-1,11,52,29,-3,65,-32,23,-23,40,-23,-32,-1,-3,-4,9,-2,10,-15,-9,-15,-6,20,57,-36,105,-189,-20,16,136,-5,-25,50,-24,-2,0,-15,-34,9,-10,18,8,-15,12,17,3,-26,-32,-18,9,42,-12,-14,-4,-5,6,1,7,15,327,-453,6,-33,208,-31,-1,-7,-26,-41,64,-11,3,34,-54,5,-10,22,6,19,-15,-15,-12,16,1,-3,-5,24,-5,27,-13,7,-7,10,-31,-34,47,52,160,-312,107,55,6,32,-10,14,-28,10,25,-55,82,-52,-12,1,-40,2,46,-5,41,-15,8,2,-9,16,-6,0,-21,9,6,4,-6,13,-8,-10,2,34,-40,-30,-7,50,-31,-40,33,1,-3,12,8,-1,-24,-7,13,-1,-10,-9,14,-24,-4,10,7,6,6,-6,-1,18,3,10,3,-4,-5,15,15,-48,-3,17,-55,168,-134,49,-58,94,-20,-26,-1,-50,48,47,-68,50,-25,-10,6,20,3,-12,9,11,-19,22,46,-45,-130,40,54,23,25,-60,-20,-6,20,2,12,25,9,-8,-31,-8,-6,12,9,23,13,-8,-24,-14,-7,10,-13,15,8,80,71,120,-274,-97,-16,167,123,0,-77,-23,-64,4,24,19,50,9,20,-44,-36,41,-13,-18,26,-213,315,-278,34,111,103,116,-261,-52,-15,131,78,28,-22,-68,-34,11,-10,10,11,7,-4,-26,-11,-14,5,6,30,20,-9,-2,65,179,-173,-231,-15,89,65,152,-65
10,43,-116,12,41,-1,19,-30,-23,21,-13,-11,-33,45,20,-21,4,-359,973,-696,-103,-10,32,479,-333,-164,130,42,159,-67,-15,-30,39,46,-57,-142,31,-22,57,53,-2,-53,-54,94,-10,-11,32,-20,16,14,-8,-48,-24,-3,9,14,-535,2081,-1586,206,-223,199,281,-174,-324,125,108,173,-88,-52,-128,61,111,-3,-92,4,134,-522,404,79,213,-183,-187,-70,63,47,-21,-32,60,11,-36,-7,-40,-30,41,20,28,-7,-15,-18,1,74,-60,24,15,-37,-51,-25,-95,37,89,-129,-50,-75,63,187,55,-47,-113,-33,12,9,7,22,35,-5,-10,-16,-27,-14,24,14,21,-13,-14,0,20,-8,-31,10,207,-188,70,-90,-89,44,69,5,-18,18,15,41,-10,-25,-40,-4,15,-9,19,-10,6,-5,-6,5,8,9,10,-3,-2,-12,-16,-3,19,8,-24,-4,-11,237,-98,-85,20,150,245,73,-368,-37,105,-15,32,16,-56,-19,-18,25,24,-24,61,-32,10,-15,6,-6,-39,7,73,-216,239,-156,164,-216,41,-44,19,34,23,-15,-27,-2,23,9,43,13,6,7,-40,3,31,-95,60,-5,17,-5,-13,-21,-7,35,18,171,-256,-256,-67,141,164,92,1,-34,-81,-82,-12,29,63,48,21,-27,-19,-18,3,5,10,0,-4,-8,-6,2,25,147,-149,-299,162,162,79,-32,-45,-110,-68,52,74,31,27,-6,-51,-16,-25,-2,8,13,4,8,12,-5,-6,3,3,1,-2,-9,16,0,3,-64,-58,5,21,-35,-2,94,-66,44,-25,-22,-23,30,33,-26,-18,0,-26,32,-16,18,-3,-6,-6,16,-11,4,1,-7,-1,8,1,2,2,-14,7,2,3,24,5,-4,-7,-2,-4,-5,7,-7,9,28,-37,13,2,-9,-17,7,-1,3,22,2,-14,-4,-1,-3,2,6,-6,2,-2,1,1,-9,8,0,-5,14,15,-13,-9,6,2,3,7,2,-18,-7,11,-5,8,3,-11,-23,1,3,-7,13,-8,2,18,-8,4,1,-8,7,3,2,-10,-3,3,4,11,-4,-14,6,13,16,43,20,-93,-15,39,-64,43,6,56,0,-13,-13,2,10,18,1,6,-5,3,5,-1,-1,-12,4,-9,-9,-1,4,3,-4,-3,18,10,105,-162,-101,2,-152,72,145,55,-16,-77,-35,31,18,35,36,1,-12,-29,-10,2,7,3,4,-10,-8,2,4,0,-10,-1,8,101,-351,-84,-52,-46,109,265,80,-261,-129,91,125,91,9,-116,-74,-16,-14,10,0,9,36
12,26,-11,11,-22,-30,-51,-25,27,4,54,23,-35,2,-50,-37,658,-600,-91,-143,74,226,111,-268,15,75,-3,21,12,-71,45,47,38,-63,-9,20,15,31,12,-59,-24,3,19,-108,114,-72,-199,71,39,124,-21,-102,3,117,57,-13,-111,-82,7,72,11,-30,-39,-35,36,55,21,-35,-18,7,24,39,-32,-69,-33,11,87,65,-114,-78,38,-35,197,-75,-40,-62,-14,109,50,-19,-69,-53,24,38,27,-17,-68,3,45,15,-8,-24,-21,2,61,183,-220,38,-315,258,249,175,-255,-237,-31,154,51,-20,-44,36,8,-6,-18,-38,26,18,-9,16,-16,-36,24,38,43,-44,-21,29,9,-6,-5,-29,0,1118,-160,-421,95,-214,271,139,-68,61,-10,-68,6,-38,-63,-16,72,82,-35,-6,-47,-17,41,8,-18,-21,20,13,-2,-7,-32,-17,31,39,25,-14,-44,30,72,-341,-34,-121,-13,51,164,-67,-32,60,63,6,15,-91,-83,8,53,42,3,-35,-20,-5,38,47,19,-57,-49,-5,57,46,-20,-47,-38,3,75,628,-685,-180,62,220,258,268,-331,-224,95,38,51,56,-81,-45,-11,0,18,-15,14,-18,27,26,35,-38,-17,-15,-3,-14,21,4,46,-50,-137,554,-249,13,19,101,-70,-86,5,39,-28,25,3,-31,34,1,36,-9,7,14,-11,-20,3,-24,-3,0,2,14,7,12,57,-4,291,-610,190,-131,282,128,-39,-70,25,-73,23,-15,-15,25,5,19,-1,17,-21,-4,-3,-13,13,10,10,14,-13,-17,-8,-25,-5,27,30,62,27,-499,153,265,103,-171,-73,-55,-47,48,90,-4,22,-6,-45,-29,-28,32,28,8,0,-43,-8,14,14,19,-6,13,-11,-20,-17,20,2,-22,-83,78,-48,20,20,-88,36,-15,50,-10,-3,13,-13,21,2,0,-17,-38,44,-39,-1,21,-12,-1,25,-1,-5,7,-32,-35,38,34,11,-16,-44,-23,26,37,10,-7,-67,390,-318,38,109,36,-76,-61,80,7,29,41,-96,-17,6,72,8,-32,-48,-20,17,28,9,-15,-15,0,7,14,13,-23,-15,1,22,3,4,-2,-8,3,-2,0,2,151,-345,44,-114,173,-37,28,-28,44,-88,8,3,12,77,-45,-26,-45,36,18,60,-23,-51,-31,34,10,33,-8,-59,-11,13,44,-7,-1,-4,690,-359,-296,-145,288,267,-45,14,-111,-61,10,11,27,79,18,11,-42,-20,1,24,16,-17,-25,-8,-18,5,15,4,-25,2,7,0,21,-14,547,-473,-181,281,-109
149,25,-103,-196,67,87,-13,75,14,-47,28,-12,22,-35,-32,12,-17,1,-8,5,20,9,9,-30,-36,9,-155,875,-585,32,-106,124,239,204,-179,-209,89,45,43,64,-123,-75,11,21,40,-2,-5,3,-28,40,1,-22,-42,-5,13,17,27,-9,-58,-2,26,-41,37,582,-524,-153,-42,154,252,-151,-135,90,56,17,-63,-78,-45,38,121,27,-70,13,-61,26,42,14,-32,-9,18,5,-16,20,-28,-16,24,13,-20,-31,223,-36,-648,190,53,276,221,-281,-230,80,3,60,51,-41,-70,-9,99,14,-73,5,-49,42,61,29,-51,-55,27,31,16,-2,-21,-2,10,7,76,859,-275,-288,1619,-1138,735,-583,196,258,-17,-146,23,-10,93,-31,38,-137,18,77,18,-53,36,-62,55,-5,48,-56,-34,-1,-3,8,14,-42,18,37,29,-98,233,-208,-57,-120,152,103,-49,-74,-5,33,34,-8,-67,-15,30,49,-24,-12,-13,-12,30,24,-14,-34,-17,18,-1,16,4,-30,4,15,20,712,-1064,-20,-5,47,165,316,-151,-148,94,-22,-23,31,-47,-1,14,12,-37,-39,14,4,44,33,0,-24,-37,-4,12,-4,8,-32,16,258,-796,622,-209,35,-80,90,90,-142,-22,53,-25,34,31,-73,39,-18,40,3,-13,-6,7,1,-13,0,-12,-23,22,12,-11,-6,-14,6,17,156,-384,523,-500,191,-240,234,55,-90,25,-3,31,38,-10,-8,-9,-15,41,-32,22,-21,5,-9,-9,9,-5,-5,-18,10,18,-1,-8,-6,-2,22,16,321,15,-465,160,124,138,-132,-34,25,-20,-3,24,11,5,-16,-20,17,0,5,-21,14,11,13,5,-15,-22,10,15,16,0,-12,-11,3,15,5,-9,-25,1,26,16,-79,34,-138,18,18,10,2,20,27,-3,-21,-2,-13,10,-6,-8,-5,-4,1,3,7,8,7,1,-16,-9,-3,10,0,-12,7,4,-2,12,-6,-6,7,16,-20,-72,59,-5,-2,-10,36,-12,-31,22,-4,32,-8,-16,19,-8,-9,8,-5,13,-1,9,-11,-73,134,-115,54,-22,41,-45,23,-5,-5,18,-25,30,-8,-23,16,-16,-4,14,-7,13,-9,11,1,0,3,-3,17,-87,23,-95,-22,48,8,-90,30,28,-3,-4,17,10,-20,15,-15,1,1,-12,22,-15,0,1,-11,7,5,-2,7,0,4,-3,6,-3,-5,-2,-1,-6,-8,6,12,28,-33,-23,-29,-53,52,17,2,-16,11,-11,-5,-12,3,23,3,-4,-9,-2,-1,1,5,0,-12,-5,-3
-4,9,7,5,-10,16,197,-333,-219,15,97,176,-30,-21,-25,-65,1,41,33,37,28,2,-10,0,-27,6,-8,22,-15,12,-11,-7,-4,6,-14,4,3,-3,240,-37,-578,435,-285,204,-16,57,-105,10,29,25,32,19,-55,-17,-14,-7,29,-1,34,-17,8,-21,-6,-7,1,1,-1,-16,-5,-15,113,6,-60,-200,-62,89,38,88,50,42,5,-132,24,36,-39,-3,-30,-45,16,-39,43,34,-6,41,-35,7,-19,-6,2,2,13,2,-13,8,-19,4,3,3,35,447,-659,-151,-29,71,359,-40,-358,111,68,11,9,-41,-106,48,54,77,-52,7,26,-25,35,-15,-40,-22,25,43,-24,-5,-4,-207,-212,2194,-2051,727,-160,289,596,-291,-509,225,72,-109,23,78,-96,-39,76,119,-142,-17,40,-61,107,4,-45,-77,42,22,-19,20,-18,-82,66,147,-365,45,244,215,-110,-287,-54,118,90,65,-77,-64,3,55,15,-44,-16,-4,10,48,7,-58,-29,5,24,17,9,-12,-23,3,9,84,56,136,-511,176,211,231,-160,-195,-40,76,25,47,-18,-12,-17,26,-4,-26,21,20,-24,31,-1,-24,-1,-24,45,-15,10,-41,-56,-237,96,-38,-55,76,167,-246,-68,127,114,51,-121,-78,40,2,8,18,27,17,-26,-4,5,6,12,0,-7,45,-103,-19,-7,37,165,53,-245,-36,-30,75,90,-115,-80,174,92,28,-41,-63,-60,-19,20,4,10,14,-8,25,1,-20,-22,-12,9,7,0,11,-23,416,-679,123,22,-1,218,233,-59,-171,-22,-27,6,57,-1,-44,2,-43,19,-7,-19,15,40,29,0,-37,-24,-42,481,-808,245,-69,196,10,143,-169,-74,47,-54,-21,88,-41,-31,-11,-8,42,-2,31,-18,23,29,-1,-34,-34,5,18,-57,43,6,17,45,1,-4,24,-313,79,41,115,19,-7,2,-25,12,-22,-25,-2,22,60,40,-13,-20,-23,-20,-23,16,14,17,-17,-2,-8,-7,-7,1,-13,286,-228,-152,-76,200,122,-132,-12,6,-84,38,46,-50,47,-10,-21,5,2,-15,18,5,2,-1,12,-21,-20,8,12,18,-4,7,-14,2,4,61,-53,3,13,16,-36,20,-23,15,2,2,-16,-1,-5,10,3,11,-8,10,-9,-10,-3,4,4,4,-7,-3,5,5,3,-4,-22,2,-23,4,-10,21,9,19,-14,-17,-6,14,19,13,-10,-7,-9,10,5,11,-7,-9,22,-10,180,-287,141,-74,28,-4,29,23,-20,-2,-4,-5,43,-54,62,-55,-13,-3,21
-5,16,-4,-20,-9,14,-12,12,2,-15,11,0,8,-95,25,-78,-108,78,51,-49,-4,53,14,-39,-29,19,-7,23,0,-4,-2,-20,-4,12,0,14,0,-8,-10,19,16,-14,5,-21,-5,-2,3,3,12,6,-9,3,-10,-32,44,-41,79,-46,-13,-65,16,32,21,-7,-18,-1,-14,5,14,5,0,-10,-18,18,16,-10,-8,5,-1,-19,5,70,105,18,-343,26,186,108,10,-45,-63,-39,12,37,49,25,14,0,-37,-2,-2,-30,16,-5,-8,3,-12,11,20,-47,47,24,23,12,-65,160,-213,170,-149,91,-29,16,-4,-1,-2,3,-14,9,2,-23,20,-7,17,-14,7,1,2,-8,1,-18,-2,6,12,-13,17,-61,-535,-88,52,161,286,97,-275,-67,59,52,44,-42,-46,-52,1,12,14,4,-3,-13,33,17,-4,-16,-16,-4,-5,31,-25,-15,-9,20,32,8,7,-11,-110,519,-367,-136,-97,67,327,112,-290,-43,55,41,36,-43,-92,45,63,61,-45,-33,-12,0,46,5,-34,-17,8,52,-12,-2,-5,-54,-4,21,-30,15,-2,111,-96,56,-5,87,30,-12,-104,16,-4,30,-2,4,-58,-42,23,39,-6,-2,-14,-11,0,21,7,-11,7,-19,8,21,-25,7,14,-29,46,24,-3,-83,-18,12,55,55,-83,-58,12,13,64,43,-32,-11,-59,8,43,-19,-23,-26,15,34,3,5,-6,-12,-9,10,2,-3,-60,34,13,-18,42,-21,-17,11,1,17,82,-63,-50,-15,23,25,21,-38,1,27,-12,-28,1,16,17,-13,-15,0,-1,17,-1,0,-7,-7,1,-3,10,4,-2,-7,-12,3,38,87,110,-76,-217,-109,62,191,210,-105,-65,-13,-61,-4,15,-10,18,3,15,-3,-27,6,-18,17,19,15,5,11,6,-14,-16,-19,-21,64,-94,10,-35,-12,51,9,-10,13,74,-18,-22,-24,-39,-12,-14,-12,22,2,42,13,13,-23,-20,0,0,3,-9,1,10,10,-5,28,64,-6,-262,339,-272,39,111,-6,-41,-74,23,57,28,41,-10,-34,16,-18,29,-4,6,8,1,-13,-27,-17,-7,10,15,72,-136,118,-311,147,-61,265,-39,-16,-115,15,-10,60,29,1,-5,-36,-12,-15,11,-5,28,11,8,-20,15,-6,-15,13,5,-13,1,9,3,42,64,-85,-240,96,70,87,-43,-32,-5,-10,-4,-1,9,14,-8,2,-6,-17,6,27,6,-1,-25,-5,-4,-9,10,5,8,2,14,37,-58,-75,2,93,42,-79,-35,39,8,16,-3,-6
-3,-38,34,-14,21,10,2,-1,-17,-6,0,0,9,-9,6,9,55,-43,15,7,4,-10,37,-100,21,-8,28,13,5,23,-9,-21,0,-10,55,-26,3,-28,-6,-6,30,5,3,-6,5,11,7,-9,-3,11,35,28,-65,-58,92,37,-36,-9,5,-9,-14,19,6,21,7,-32,-9,6,10,10,-1,-4,-9,-1,8,45,16,28,8,-8,-9,-4,-7,0,4,0,0,18,65,11,-32,-43,68,-27,5,-6,31,-30,-7,-1,12,60,42,-8,-47,-13,-59,33,24,26,-2,-38,-27,2,6,6,19,47,78,35,-723,445,-162,261,84,-68,-82,-34,-52,52,53,29,-5,-11,-6,-15,18,-29,-12,-11,36,3,14,-16,-20,6,-2,3,-16,-9,-13,21,81,-139,21,-110,37,-63,113,-28,24,-83,-8,14,17,34,-9,-32,45,19,27,2,-32,-21,-12,5,-8,-1,9,-11,1,2,-4,-56,1257,-958,104,-161,199,278,97,-198,-222,179,79,41,37,-83,-111,-21,35,21,44,-8,-11,1,20,8,-17,-28,-8,14,5,-2,10,-19,0,6,5,-5,29,38,247,-382,-80,93,43,295,-221,-156,119,30,11,-49,-79,-8,55,76,2,-47,25,-39,18,31,-18,-25,-4,28,-1,-2,19,-39,-16,-167,536,-693,-48,120,165,387,-224,-122,38,25,55,-35,-80,-62,9,100,17,-93,9,-7,22,31,9,-47,-23,25,21,-11,4,-22,-3,28,8,-13,510,-615,1553,-1042,556,-442,150,196,26,-45,141,-119,-7,-89,3,-50,33,80,67,-54,33,-97,21,-17,41,-10,4,0,4,-9,31,-25,21,9,-15,-34,12,19,-29,78,-85,-1,2,17,68,-74,-41,40,21,1,26,-18,-7,-2,21,-10,7,22,-31,-4,4,-1,1,0,19,-16,14,10,380,-663,-168,81,161,194,300,-176,-265,56,16,-1,68,-43,-39,2,-17,3,-7,27,-5,6,10,-13,-15,-17,-1,-8,-17,39,-212,317,-232,151,-142,131,35,-114,-43,31,44,7,14,-18,-62,3,16,47,32,11,-2,-36,4,12,-17,-12,-14,8,-5,12,16,2,15,151,-9,-771,432,-59,205,151,21,-59,-144,-78,7,58,70,37,-8,-20,-26,9,3,19,14,-29,-9,-9,3,1,-4,-8,30,162,-174,-144,110,166,-42,-140,-7,-8,4,45,16,19,19,-32,-33,-27,13,25,34,4,-8,-38,-7,18,8,-4,-20,-8,8,19,14,-22,17,73,-249,118,53,-8,-34,-17,65,-27,13,-9,-49,39,-18,34,1,-20
-12,2,0,19,-15,3,-5,-6,2,7,9,1,3,-5,-14,63,-111,14,21,25,-14,21,-3,-12,8,3,-8,24,-13,0,10,-13,-9,-6,8,12,-4,-1,-14,-9,5,5,6,-3,8,-5,-22,186,-226,52,16,43,-11,-11,44,12,-11,-17,-4,-4,-24,46,-25,-1,7,-10,0,0,4,5,-4,4,10,6,-9,6,-6,-14,-13,9,90,162,-409,154,40,60,-108,60,31,-77,33,-12,28,-1,-29,27,-38,8,18,-12,6,-17,5,6,-3,0,-22,22,-17,-6,-8,6,3,-5,34,4,-207,-48,-122,89,-9,55,-46,8,20,-56,22,-19,-22,59,-38,32,-23,13,-13,8,-10,0,-5,15,-18,8,3,5,-7,-9,53,147,-240,-56,54,163,39,-94,-18,-52,-10,43,35,15,-3,-15,-24,-7,22,12,21,3,4,12,-18,-6,-26,-5,11,11,1,0,-9,-2,-4,17,10,461,-125,-118,-516,433,16,85,-49,-124,-43,37,-5,77,51,-19,12,-39,-3,-36,16,24,-14,-3,6,-27,-7,-1,3,9,-1,1,102,-220,124,-45,-93,151,218,49,-211,-114,67,80,59,37,-43,-46,-21,-36,-14,-8,11,32,12,9,-9,-11,-15,-4,-10,8,-9,5,-2,11,-9,2,9,63,-38,-125,652,-652,-77,-16,68,228,7,-271,111,27,-37,16,-23,-67,70,35,47,-51,3,-12,-5,27,9,-18,-11,3,17,-34,14,-36,-28,80,80,-97,-14,-51,-34,198,-81,1,73,-22,1,-7,-42,2,-13,9,16,-21,12,-12,26,17,-2,-10,-24,0,-3,15,21,6,-132,840,-1155,457,-243,188,378,-159,-431,85,112,107,23,-55,-145,26,107,53,-85,-1,-10,9,55,23,-49,-28,36,47,-37,-17,-29,-166,1170,-1194,410,117,546,-47,-160,-177,-77,-75,157,61,12,-63,12,24,-29,-32,40,-88,98,10,-10,-9,-51,29,12,-16,228,-147,-28,128,166,-510,63,77,301,95,-287,-107,89,75,29,-39,-19,22,41,32,-84,-75,31,14,52,18,-6,28,-90,-16,-50,-6,46,17,23,42,5,-198,447,-320,82,-81,-67,156,-51,4,4,-77,76,33,-29,-9,-26,-5,29,22,25,-46,14,-4,-5,17,-5,-40,-20,-14,13,20,8,13,-2,-25,256,-115,-340,154,107,287,331,-8,-389,13,49,-25,80,2,-80,26,-9,8,-82,-43,50,57,62,7,-20,-26,-32,-40,-38,16,15,31,67,-96,146,-207,91,10,46,14,-2,17,-44,-51,-11,-12,-2,-10,23,39,21,43
13,15,-17,-49,-30,145,-265,161,13,-45,56,36,-77,13,40,124,-41,-49,-345,8,170,233,44,-52,-76,-62,-35,21,8,24,21,18,5,-2,2,-13,-13,-19,11,6,7,0,-15,-21,-6,-4,2,3,136,-39,-281,42,212,66,-128,-56,33,-69,17,26,-1,31,-6,-15,-17,-3,-14,7,12,10,-1,16,-14,1,-26,2,15,-7,11,-3,4,-8,0,-9,5,28,-130,-205,141,-16,54,-60,81,-1,-62,31,-17,-12,54,-58,41,-41,3,18,23,-10,-2,-7,11,0,5,1,14,-8,-15,5,15,3,50,-106,33,14,-4,3,8,-7,-34,-7,14,-1,40,-36,19,-7,-5,-11,13,-2,-17,-7,-3,-6,18,0,13,-7,68,-101,25,-1,-3,9,10,7,-12,-9,-11,14,28,-37,22,-17,-7,19,8,9,-5,-6,-3,3,8,-10,4,-10,-3,-13,32,11,-33,-41,-18,-40,60,-36,7,-22,56,15,-15,-11,-24,15,25,-22,13,-14,-16,-7,17,12,4,-2,-10,-13,0,-9,11,-4,0,3,1,-5,25,228,-296,90,-75,180,-43,10,-29,36,-72,35,5,-21,74,-17,-7,-5,7,-30,26,19,-32,2,23,-34,2,8,6,19,1,601,-327,-367,43,176,251,-115,-68,-71,-16,27,62,68,31,-30,-14,-34,-14,14,14,-2,-17,3,-1,-5,-27,-13,0,2,14,23,-17,19,10,6,322,-681,-7,-108,8,213,74,43,-202,-55,54,-2,94,79,-38,-3,-54,-10,-16,-12,35,-27,40,-5,-14,0,-18,-11,0,-19,14,-4,-18,441,-308,-86,-4,71,57,228,-147,-86,-6,150,73,-18,-81,-48,-26,1,-2,31,10,21,23,-3,-26,-11,-35,-10,13,19,-14,-7,1,4,10,21,-122,9,149,-93,-534,798,-709,310,125,167,96,-272,-199,204,16,4,-40,-32,-38,53,68,3,-83,45,-27,38,2,-13,-57,-12,41,4,-7,31,-26,1,34,-17,-6,296,-632,86,126,282,406,-283,-189,-102,29,66,-9,-16,-14,-13,49,-1,-50,-12,-8,34,32,0,-21,-29,17,16,2,-4,-39,2,9,13,10,-12,-6,-275,227,-181,66,84,-250,102,-248,124,127,31,88,-71,-10,53,-27,-44,-89,-29,52,43,36,-5,-26,-7,19,-40,-42,0,31,16,25,-19,-25,-8,21,4,-270,371,-94,-162,-160,-34,203,63,-13,-49,52,-98,130,44,-171,-108,212,-19,35,9,-104,31,17,41,-45,-81,66,54,52,9,-64,-123,9,92,262,-286,-196,-121,136,287,260,27
-285,-53,19,-31,47,72,-80,25,-15,-21,25,17,3,-75,-4,-22,-13,38,46,0,-13,-27,37,45,353,-497,-145,363,-121,273,103,-10,-239,-99,19,3,68,44,-18,71,-18,-6,-34,-19,101,-25,1,-65,2,7,8,28,16,12,-1,-4,-17,-46,-40,171,229,-37,-460,40,51,240,-19,24,-62,-55,19,-43,69,6,-76,-39,-7,47,49,-32,-136,473,271,-488,-77,30,98,167,-96,157,-21,-158,43,638,-714,-8,216,59,24,-20,21,-62,-33,17,-3,-10,57,-21,-8,-25,-7,-38,19,47,16,5,-21,-31,15,11,-4,-23,-9,-9,14,12,-19,-16,74,-105,8,80,-236,131,19,1,0,72,23,-68,1,12,-39,64,-65,18,-9,3,-9,44,-23,-4,12,6,-15,-5,-2,-2,4,6,23,-1,8,12,-49,26,31,-76,-6,31,-62,49,31,-11,19,-12,3,-20,-6,-14,-23,36,-28,20,1,7,0,9,-1,15,-6,-18,-4,-11,6,14,17,-22,8,18,-46,-16,20,-23,2,25,23,-17,-26,-1,-1,10,31,-23,-14,-19,-7,18,34,4,-16,-10,-4,-11,4,18,5,-14,141,135,-426,120,1,169,-96,22,-26,-56,1,45,14,7,-7,-3,20,18,-5,-21,-9,2,7,10,-19,-2,2,-27,33,23,15,-6,29,95,-2,-154,80,-23,52,78,-22,-18,-17,-25,26,30,52,33,-28,-39,-44,3,-6,26,8,-2,-3,-17,2,-21,10,-38,-35,2,62,902,-505,220,-234,113,319,211,-130,-415,23,152,103,128,-43,-151,-17,-82,27,13,-9,75,-10,42,-5,-36,-18,-27,26,12,-5,18,-33,-39,32,-143,631,-632,-84,-2,112,249,-6,-304,58,68,-25,25,-8,-74,49,45,73,-50,17,-42,-4,-35,36,12,9,27,-16,-85,-18,-141,113,212,1,-391,619,-105,135,-180,-145,59,121,-89,29,-3,-49,0,18,-38,-17,18,4,37,-3,4,-51,-21,26,11,22,-9,4,9,-17,-382,1125,-985,250,154,423,4,-354,-325,177,165,105,-78,-104,-56,63,87,-9,-74,27,-25,29,22,6,-61,-38,68,15,80,-120,-10,-178,-18,118,250,36,-189,-203,54,54,21,-8,9,-9,-2,52,-22,-50,0,47,-21,3,-9,-35,3,36,-9,-3,17,-21,-342,-16,89,-109,681,-967,217,-228,307,341,-137,-154,-38,20,88,-1,-49,-89,27,69,20,-51,5,-49,10,25,-6,54,-18,-48,-63,-29,26,17,30,41,113,-39,44,-188,-2,9,73,28,-72,-25,35,18,18
