21,24,6,-1,-23,-24,25,21,1,-17,-21,5,30,0,-12,-15,-1,25,18,-11,-14,-19,14,5,2,-11,-1,5,4,-16,5,0,11,-4,-7,-9,9,5,3,-4,2,4,8,-14,5,-42,76,-296,192,176,109,-63,-118,-132,22,35,35,-4,-7,4,1,19,-5,-10,-28,-23,5,26,26,-8,-8,-5,21,14,-23,-28,-9,24,5,2,-13,-12,3,-6,5,12,8,38,76,-69,-251,-215,376,350,-249,-90,84,76,-80,-207,-45,116,37,21,17,-26,9,-16,34,-49,-26,3,-13,24,31,4,-14,-6,17,11,-138,-323,-24,108,-79,-23,-1034,1895,572,521,-158,-498,-494,-378,-330,36,-31,100,81,173,178,38,-7,-33,-56,-30,-109,38,16,12,39,47,4,6,-15,86,-197,379,-356,342,316,-103,-33,-251,-282,15,-51,25,288,206,84,-44,-60,-71,-100,16,-35,-29,56,14,20,-26,-27,-33,-72,16,82,221,-70,-133,-83,34,524,-131,-102,5,31,7,-29,-39,35,-90,-12,-9,9,0,-24,6,25,-3,10,-27,20,7,-13,0,11,-22,-414,-23,51,169,521,-73,90,-2,-341,22,127,-95,-38,17,-1,23,-83,-59,-89,-25,20,38,58,39,-17,28,17,35,-1,28,-27,-49,-211,128,48,-159,-208,-322,1095,918,-1457,-145,268,151,244,40,-31,84,-314,36,159,148,60,-26,-65,-64,-37,8,-3,-68,-62,-3,-96,-178,-41,-194,-518,1089,242,102,-39,-40,-198,-151,23,-171,-34,81,89,26,12,-37,-60,-25,-6,-18,-2,-75,-55,169,174,47,62,57,-146,-182,-76,159,77,90,-35,-122,-27,-6,36,41,24,-32,-59,-22,23,9,-4,-12,-17,-16,40,44,31,-51,1,12,-10,8,-31,-1,72,-157,481,-206,-208,4,-129,-149,-17,92,185,225,9,-148,-110,-129,-35,73,81,21,54,-9,-30,12,-10,-28,-10,10,4,23,-11,-7,3,21,15,-18,-14,-23,0,4,13,-2,-10,8,8,5,11,11,51,-38,-175,61,-73,30,18,21,-63,-67,84,-6,47,-28,2,-34,66,-14,-66,40,6,-20,33,-30,-33,18,35,2,12,-28,-26,17,26,-1,-10,11,-2,15,-8,-16,-11,13,23,-4,-4,-5,5,1,9,4,-6,-20,-3,0,2,-2,15,-4,4,-14,-8,21,3,-14,5,-1,0,17,-6,47,-93,-415,1015,-291,-43,-98,-285,101,57,7,37,82,-131,44,20,-84,21,40,-37,-17,29,-17,32,24,-33,-16,14,20,-3,-4,-34,-1,16,2,0,10,-1,7
-4,-18,52,-58,-40,-94,76,193,-98,-83,-254,64,120,79,110,-28,-110,-25,42,2,-7,-1,-13,27,27,-29,-47,-62,-182,-8,329,-315,49,321,57,-231,-33,-19,-132,-14,150,65,36,15,-60,-68,-64,-12,31,40,4,-22,5,19,1,-106,-83,-41,-39,1,-393,-120,38,259,-37,-76,-74,-68,-64,36,112,21,-29,-80,-29,-38,19,14,36,18,-22,-48,-31,-17,22,-181,518,1558,-841,-1640,-1023,-363,1277,528,272,177,46,-61,-153,-155,-94,-63,37,43,52,11,-10,-14,-4,15,24,9,4,1,12,23,-50,-81,-63,-197,-2099,101,-379,-2181,5964,-1568,-282,-45,-259,-159,-100,-200,173,43,-86,11,27,-195,-64,42,109,33,42,-43,-25,14,-34,-25,-32,23,46,6,-175,-414,-2311,5030,-1288,243,-1401,15,296,244,-493,10,252,-39,10,-75,-96,-84,111,86,-14,-56,-22,-23,127,-16,-1,-118,40,92,46,-45,-49,3,44,26,-23,-25,30,-23,-59,-133,-120,-312,223,334,329,-259,-54,135,-140,-172,-9,-44,11,-16,83,31,14,38,37,-50,-65,-59,-18,6,28,3,10,18,-33,-47,-70,62,-85,-119,-239,-58,120,1263,391,-168,-400,-667,-250,94,53,69,50,-4,-16,-15,85,-69,-74,32,11,84,77,1,-93,-59,5,46,252,-3,48,17,-65,406,-711,176,-108,301,-298,-184,-55,348,116,-75,-115,-144,-66,35,139,56,15,46,48,14,8,-46,-69,-30,62,7,-57,-25,7,46,65,1,-70,-41,6,28,2,-25,-35,-17,33,18,25,24,-6,-17,0,17,17,-12,-54,-103,-45,-24,87,350,-338,125,102,256,83,-353,-387,-29,133,165,85,-13,-50,-35,48,83,-70,-69,-43,8,72,53,-7,-83,-48,10,41,63,9,-45,-16,10,30,4,8,-8,1,-13,3,8,8,-7,-33,-14,11,16,11,20,-31,-126,-143,-301,-68,-21,950,698,84,-104,-197,-373,-563,-292,52,123,134,129,80,16,16,8,-3,-72,5,22,11,7,-6,-9,-3,29,111,-246,138,203,275,-195,-774,-160,269,295,155,-29,226,158,-151,-146,-61,-97,-36,6,51,12,49,33,-53,10,-278,77,428,-200,-91,-649,30,1114,-397,-14,-26,51,84,-172,-81,110,-89,8,-37,20,-36,25,5,13,-35,32,-44,39,25,-64,-615,-1128,3135,-343,514,-704,-96,0,247,-35,14,-64,92,1,-57,-25,-28,-15,-31,-27,1,-29,12,-139,62,552,-52,-62,-618,-520,120,99,274,-269,200,277,158,64,-40,-107,-43,-62,-16,1,5,2
-8,-34,-24,-10,23,-140,113,-77,-244,-34,-145,135,336,-281,1192,595,-178,-318,-204,-217,-275,-186,76,154,140,21,-35,-49,-16,-18,-54,-82,-94,-180,24,-3,186,160,-57,662,-132,-516,-553,459,-56,86,435,-126,-118,-66,-80,-94,59,62,36,-18,28,-44,-27,5,-10,21,20,-71,34,0,74,-9,-41,-45,223,335,-5,-575,-406,-148,312,637,126,-140,-214,-140,-143,74,74,31,36,29,-29,4,-23,-37,25,38,11,-17,6,2,-3,-11,-23,-4,32,20,-4,39,-25,7,95,64,70,-329,433,-338,295,-127,-275,326,38,-186,-50,127,-126,104,17,-74,17,64,-15,-46,-7,-8,49,55,-35,-59,28,49,-2,-18,-39,-11,32,26,2,-13,-22,0,3,8,-16,-13,-7,49,-7,15,-9,-16,3,-36,-14,18,28,7,-6,-9,11,12,-5,-9,-4,6,6,11,-10,0,2,-98,-291,166,382,332,-247,-360,-172,-10,159,143,-12,-29,-19,-5,-19,2,-15,1,19,13,14,-4,-23,-11,9,4,10,1,12,-4,-2,6,-10,0,-2,-19,9,14,4,-3,-8,-6,-13,3,9,-1,0,11,9,-142,-265,62,502,-5,-206,-180,-220,20,211,194,7,-34,-97,-33,-20,-26,-9,34,18,40,-3,-21,-13,-12,2,-16,-38,-75,-1047,2625,1492,-295,-984,-155,-203,-207,423,313,112,55,-195,-62,-160,-174,-41,70,136,148,9,-9,-98,-87,-98,-1477,1668,738,174,-363,-487,-105,170,208,131,-4,-103,-146,-70,-27,6,-4,14,28,59,44,10,-31,-33,-49,-70,-90,-697,2927,-2610,-422,-43,222,65,282,182,128,-70,54,-4,5,-98,23,-134,14,147,94,-9,-42,-84,-24,-21,-5,-16,19,-39,-40,-725,-1402,1399,-20,185,102,433,-173,-337,-63,112,-79,-36,-53,-12,-97,-14,45,63,-29,37,-72,38,-21,8,-23,14,-42,-356,-474,638,728,141,-694,-182,216,153,-126,-61,26,24,-50,-60,-37,3,-14,42,3,-2,-10,9,13,0,-27,-25,18,47,-179,22,-301,571,304,-172,93,247,106,-95,-232,-91,-66,-74,-36,31,28,52,44,32,-21,-52,16,-4,3,-2,-28,-18,-109,-158,-520,854,491,382,-485,-124,-444,-95,-33,138,189,95,11,-37,-39,15,-16,-47,-64,-56,-5,76,31,40,-15,22,9,31,-24,18,-66,-205,183,263,165,-28,-178,-139,-81,-103,-127,0,115,144,90,59,0,-50,-77,-62,-3,31,35,11,-5,-12,16,17,4,-24,-19,20,56,-66,2,-141,31,121,56,4,31,116,6,-208,-137
-18,67,66,22,35,-7,-19,-3,9,12,-28,0,6,8,20,-18,-24,15,34,10,-33,-38,3,6,47,29,-38,-39,5,28,16,-1,-6,-23,-20,-9,15,33,10,-1,-18,-15,16,15,10,-14,-21,-6,-5,13,11,-5,0,-216,-182,38,-72,76,49,4,104,-171,148,96,38,-224,-167,-31,90,91,21,-9,-21,-4,14,31,-13,-12,-32,-22,2,10,17,-6,0,28,11,1,-31,-23,-17,46,-17,-6,-15,8,13,10,5,-9,4,3,-3,6,-179,-96,-1023,853,462,191,8,-336,-164,-210,-31,146,119,61,2,-5,-1,4,-20,-43,-116,-32,34,42,30,0,-37,-167,-212,-301,237,578,310,94,178,-20,54,-209,-416,-212,46,88,76,33,-58,-181,-126,7,96,96,143,70,24,-76,-105,32,-183,171,301,-370,-500,15,496,96,-44,-1,150,40,-19,-67,-38,-63,-15,23,-62,-59,-17,9,53,15,46,-18,-87,-367,281,-158,312,-155,-183,169,151,10,-111,-30,84,50,-32,-65,13,3,-12,-28,-17,-11,34,1,7,-29,-22,-45,-265,-444,751,1179,535,-579,-544,-166,149,126,179,-37,75,-7,9,-74,-54,-72,-19,-7,-3,-14,47,-44,9,24,-6,-21,20,-40,-1616,3295,-2816,223,-593,393,-100,453,114,143,-16,92,-56,-83,-93,-49,7,68,85,78,-20,-38,-62,-41,-9,5,8,-4,-7,-108,-668,603,260,-143,-54,70,315,74,242,-91,-118,-72,-113,-59,33,-58,-33,3,59,21,15,-3,-20,-43,-7,11,9,-29,-248,-1158,823,926,-94,-768,-459,-48,70,453,107,-25,-102,-118,-11,18,-5,-12,35,24,47,-7,-24,-87,-39,19,62,43,10,-9,5,-408,360,-77,-290,16,115,27,253,-10,-146,-71,-32,18,-3,53,-36,-3,4,-13,16,17,-41,-1,22,24,-17,-17,3,5,6,-31,-97,30,171,209,-113,-59,-60,-93,40,78,-43,23,11,-46,13,26,-35,16,28,-3,-1,12,-26,-10,20,-7,7,16,5,0,4,-29,-20,3,21,14,-23,-28,22,42,2,-12,-10,-1,9,-2,-4,3,-8,4,9,-9,25,-4,-43,102,9,-27,3,-81,-15,36,-4,21,38,-35,-9,21,-25,-13,28,-4,6,6,-18,6,20,-2,-11,-10,8,-15,-1,3,-4,11,0,-7,9,6,-51,-681,592,937,-82,-402,-296,-271,70,269,94,-58,12,-95,39,14,-41,-27,34,-2,40,13,-40,-8,18,11,-20,-2,3,9,21,-18,-13,-1,12,16,13,-3,-2,8,-173,-519,513,186,-33,-245
-180,99,158,101,46,-110,-7,-96,58,0,12,-18,-2,-2,48,-14,-42,-22,-9,-36,-90,-1924,1549,1640,-63,-1180,-490,-252,-106,399,397,149,7,-125,-89,-40,-152,-124,21,66,107,57,12,-30,-34,-44,-13,5,-309,-40,289,101,246,-201,-5,67,104,104,-42,-62,-106,-45,15,58,30,13,20,-4,-15,-19,-32,-9,-23,-77,-114,202,2375,-2011,-399,-1010,355,9,391,301,262,70,19,-15,-55,-47,-82,-32,-40,0,7,8,9,-5,27,22,18,-2,-40,-96,-274,-406,256,2459,873,-340,-767,-187,44,166,-299,21,105,-42,-16,-28,-26,-13,8,29,-29,-21,-15,-60,23,-60,-17,-83,-681,816,-182,1272,-1050,80,-169,376,-61,26,-151,89,-13,1,-125,-39,-10,20,20,51,-36,2,-17,18,11,-14,-8,4,-68,-142,0,31,396,-40,-108,-139,26,87,52,-40,105,83,-58,-161,-41,17,-10,-14,46,-19,19,13,25,22,-39,-45,-370,-124,-574,1131,-261,1087,-60,43,-490,-494,-401,35,81,174,69,60,-32,-23,-29,46,-61,6,-23,61,23,25,-34,-27,19,41,-6,68,-111,106,53,-518,497,237,324,-305,-408,-78,208,43,-140,-215,-103,53,209,231,71,-58,-57,-56,23,0,-33,-81,-2,74,52,6,-35,-31,7,37,3,-31,-22,-1,-30,166,-67,-33,-29,79,134,17,-59,-90,-36,114,45,-79,-117,-33,28,46,38,5,-2,-49,-5,41,62,5,-11,-47,-4,-124,53,155,67,-46,-67,-24,-19,-18,-5,16,14,13,15,7,-12,-8,-8,14,6,-14,-23,-2,8,-8,-12,-18,-5,23,15,13,6,5,0,-15,-38,18,8,23,9,7,1,-31,-5,-11,64,-114,56,151,28,-160,-135,-20,108,87,27,-32,-49,-12,28,30,-23,-36,-4,18,17,-11,-1,5,20,-7,-3,-12,-9,3,19,9,-10,-11,-7,-14,13,12,1,3,6,4,0,-107,449,-791,-125,184,483,328,-45,-378,-248,-17,55,77,49,16,1,6,3,4,-43,-17,31,10,9,-40,-58,-17,40,38,25,-9,-40,-162,-66,-539,-26,631,447,606,346,-186,-146,-496,-436,-233,-29,-5,105,138,156,46,25,-19,-73,-89,-28,13,66,46,26,-21,7,15,-14,-12,-64,101,-244,725,243,-492,-659,-194,387,107,50,229,170,73,-34,-112,-108,-65,-25,-12,-53,12,39,19,41,-45,3,-21,25,-766,1536,-1204,1174,-524,-349,-20,364,-81,-34,-80,174,84,-36,-110,-60,-29,-13,9,48,-54,25,32,-20,-85,-343,60,265,-657,785,-159
574,-237,-177,120,-6,-90,15,26,80,21,-55,-4,-59,-51,-11,-42,25,13,2,-6,2,43,-26,10,35,-37,-201,337,133,-627,-961,396,114,424,318,-136,138,2,64,-43,-68,-77,-3,62,105,54,-1,-66,-56,-53,-4,19,16,12,10,-117,-488,337,-276,379,300,144,129,89,-26,-193,-40,-58,7,39,50,-32,-94,-105,-11,35,66,15,-12,-3,-13,-30,0,3,12,-24,-332,-200,1091,556,-283,-508,-317,-304,90,387,201,76,-115,-140,-17,-25,-22,27,41,18,13,-15,-26,-35,-18,11,18,28,10,15,-67,170,-823,662,-33,-96,-63,-40,104,251,49,-100,-93,-101,24,45,22,-8,29,-50,5,17,-9,-38,10,7,22,4,-14,-29,-21,97,50,17,-80,-27,173,-29,-114,16,-50,22,139,-80,-78,23,31,-15,48,-18,-40,18,12,-9,18,-12,-16,25,9,-14,-10,9,5,5,-8,-5,6,1,9,5,7,8,-17,-3,-3,0,19,-5,-18,-21,0,20,5,-5,1,1,-8,-12,7,10,24,9,-13,-1,-12,5,10,-9,-4,6,-2,-9,-12,-10,5,11,3,1,2,1,-1,4,-3,0,6,-3,-3,0,-5,-1,8,-31,-115,139,139,-18,-87,-34,-32,22,25,-11,7,-6,8,-7,-7,-22,5,4,9,11,2,-13,-3,-2,3,1,-3,1,4,4,-4,3,-6,5,0,-3,4,4,8,6,2,-11,-12,-2,-5,-8,10,4,10,-6,-88,96,14,-234,110,328,66,-169,-172,-93,99,46,15,67,0,-41,-14,-5,-20,7,-39,-29,42,50,10,-3,-17,-11,-6,-3,-13,-8,-57,447,-1422,2911,9,-447,-927,-2,-36,46,452,114,-57,-59,-108,-11,-40,14,-28,6,3,6,21,46,-13,1,-8,-58,-57,-99,-448,362,-1735,716,1716,-817,-542,-595,146,170,186,261,32,-37,-115,-77,-23,-17,-52,7,47,89,3,1,-21,-41,-43,-16,34,4,-302,-679,303,233,-841,431,-343,331,362,189,-96,11,-41,-64,-74,-63,-32,2,-22,32,54,24,3,-11,-6,-11,8,6,-34,-38,-656,706,-908,2009,-304,377,-450,-82,410,-123,-76,9,123,-22,-37,-33,-110,-177,-22,121,87,21,-35,-77,-5,-54,34,-16,39,39,26,-781,233,153,589,42,-396,213,216,-36,-240,-3,81,-102,-2,-73,-18,-29,72,1,-4,-9,33,-3,52,-13,-12,-34,14,-5,-59,-346,-657,-15,852,1499,140,208,29,-418,-599,-432,-58,-35,88,141,59,1,87,131,-1,-36,-25,-72,13,-2,-12,-79,-16,38
68,-12,-41,111,120,617,-809,237,-39,49,-404,-322,13,273,207,194,77,-75,-84,-41,-14,-52,-48,27,0,63,43,-8,-42,-47,132,-94,-68,-26,-34,116,140,-7,-152,-89,274,243,-50,-376,-244,-19,126,99,79,28,-5,-14,5,14,-40,-30,3,32,39,-13,-50,-23,26,54,25,-13,-40,-25,7,8,-18,-12,10,26,36,8,-15,-33,-5,-16,17,9,5,-15,1,14,3,-4,-1,-9,-8,-5,-13,38,-2,-9,4,180,-587,696,-1253,707,570,795,-250,-515,-458,-97,39,94,43,50,25,46,30,24,-57,-3,-62,36,5,4,-67,-18,63,68,7,-36,-38,8,31,10,-18,-28,-27,29,40,17,-24,-27,-4,-8,12,6,0,-3,18,16,14,-3,20,-98,760,-1368,1006,265,144,322,-144,-341,-184,-94,88,54,11,-17,-47,10,58,-22,4,-39,-3,42,28,14,-51,-55,-34,-501,-359,-62,1496,331,-270,-374,-115,-201,-193,-150,178,164,127,24,-10,-44,-65,-81,-29,-48,41,69,79,60,-11,-22,-27,3,-67,230,-944,596,171,-170,-424,336,256,8,-60,-24,105,33,-65,-50,-44,-20,13,33,-13,-40,-2,-1,12,-18,-31,-60,-239,-364,619,114,526,12,-469,-261,132,-135,-78,-11,125,150,8,-7,-4,-22,-49,11,-1,-12,2,0,-14,-84,-62,-28,77,-175,-58,-435,1769,-623,590,-511,11,-49,16,-56,71,60,55,-22,-80,-47,4,17,22,18,1,-22,-25,-31,-16,-3,-12,65,78,-160,-5454,3929,1578,-361,-936,-906,133,-56,-85,267,304,176,77,-112,-128,-120,-123,-66,8,72,52,24,12,-2,-16,5,8,-29,-79,-212,41,109,254,-79,119,-60,-112,117,115,-42,16,-64,-85,-46,69,8,41,-7,-10,-10,24,-24,-49,-48,-34,-37,39,49,29,-586,-18,848,288,-631,-400,-129,159,237,79,48,13,-100,-73,-22,-20,-7,12,8,26,30,1,-25,5,17,11,-17,-18,-17,24,30,-143,104,-1,27,-5,-22,-19,7,12,-31,72,-34,-3,-4,-42,20,45,-14,0,9,-21,-22,19,-11,-9,11,6,-3,18,1,-3,22,-8,-20,-22,-4,12,14,-2,3,-4,20,-7,6,-18,-5,-9,3,3,10,-1,1,7,4,-9,7,19,3,-16,-24,-10,9,16,-3,12,-1,12,-29,-39,27,34,10,-9,-27,-11,0,60,-63,34,11,14,26,-421,453,136,-96,-9,-121,0,72,13,-5,-11,23,-78,84,-64,-26,22,5,4,51,-34,-10,21,-1,-9,-28,7,-13,23,4,-11,10
16,2,-9,2,-6,-2,-6,-13,-14,13,13,-1,-4,8,7,-2,-7,-28,-50,-306,183,369,490,-74,-245,-190,-96,-18,60,26,102,47,-47,-12,16,-34,-35,-34,-49,32,61,32,-15,-22,-19,19,21,-52,-66,126,-7,18,1,-182,-336,59,303,442,-37,12,-153,-203,-88,22,29,53,62,33,-20,-29,-60,-44,12,-53,-103,186,141,34,1051,-223,-1598,-1036,493,1044,-5,232,197,72,-152,-197,53,34,31,-13,-37,3,40,19,-6,-24,-36,-58,-88,-62,-55,-40,-178,143,-40,-388,-4417,7012,-1250,-251,-602,100,-219,29,-258,185,34,-5,-97,-63,-71,42,39,13,-106,36,1,86,16,-17,-70,-60,16,80,22,30,-159,-207,-137,370,-34,94,-186,-186,46,23,-89,69,126,14,-47,-25,-49,-62,-55,48,24,66,17,-52,-21,-40,25,-3,16,25,7,-76,-91,-56,-561,332,-28,575,-406,7,290,-5,-377,-40,116,130,-36,-54,-43,31,11,83,-96,-56,-51,5,74,41,18,-59,-13,30,-31,-178,-189,-500,-709,1071,1109,766,-171,-242,-684,-472,-248,142,34,156,149,91,-110,-228,-136,-86,46,143,126,150,40,-28,-110,8,60,-168,29,8,60,161,-23,446,-807,174,-32,41,-254,-240,68,355,114,52,26,-78,-109,-46,50,28,-57,0,-10,28,45,0,-38,-20,152,-208,-3,-90,83,56,158,25,-92,-97,-54,31,-13,62,65,-12,-83,-73,-33,26,42,14,34,33,26,-4,-15,-18,-16,-18,19,36,17,-6,-58,-74,27,127,79,-22,-63,-50,-23,-13,-2,2,24,31,2,7,4,9,-18,-25,-18,6,6,-28,-10,20,37,20,-7,0,-13,-6,-10,8,12,-14,-2,-8,-24,18,-1,-1,-1,11,6,8,-12,-6,5,6,7,-64,95,-64,-155,277,-365,328,237,75,-177,-150,-130,36,64,12,-16,16,12,24,21,-35,-36,-31,6,40,35,7,-28,-2,4,2,2,7,-11,1,1,-4,-2,5,10,18,2,-7,-8,23,136,-601,222,93,140,32,70,-4,44,127,-48,-245,-293,-1,179,105,49,-13,1,-4,-17,6,-36,-53,12,34,28,10,-4,-28,-5,12,-18,-247,-86,-837,813,962,228,239,27,-51,-287,-446,-287,-31,-26,42,68,-7,-30,1,107,86,51,54,3,-15,-14,-18,-25,-74,116,-266,25,2,-97,20,233,346,3,-53,-117,57,-18,-98,-25,-21,-17,-6,10,-21,-2,19,0,10,-15,-1,-28,-31,-699,316,322,220,-120,-205,-159,362,-84,-83,-16,208,48,-31,-92,-12
-55,-48,2,28,-13,-6,-17,16,-56,0,-277,1364,-724,-567,785,-417,580,-52,-231,188,183,7,-3,-102,-66,-21,-45,-3,-10,35,-6,-4,-10,-34,26,0,-117,-126,-923,1055,-348,-1249,965,-128,-1,174,108,86,46,43,-44,-132,-21,47,45,-19,-44,-41,-36,-8,1,-2,19,8,23,35,-20,-110,-916,-12,1442,388,-389,-432,-96,-184,66,384,227,80,-168,-190,-176,-49,40,57,61,53,-18,1,-32,-33,-21,21,5,-37,-130,-728,1188,807,533,-832,-605,-197,-169,475,353,15,1,-152,-144,-37,32,45,36,13,-18,-25,1,-19,-24,20,15,10,8,13,-6,4,-108,74,51,313,-231,-115,-56,-64,109,5,7,71,57,-14,-76,-32,-63,-2,57,40,27,5,-42,-2,23,-2,-19,-15,-6,18,12,-22,-2,10,42,-158,119,-417,-384,933,22,-176,-231,-188,35,275,63,-13,-9,-88,-78,115,-79,-30,21,19,12,58,-36,-42,28,6,7,-19,-3,-18,32,5,-9,-6,10,13,15,-11,-15,5,-15,3,-5,-7,6,22,-27,14,3,12,15,-8,-23,-3,-1,1,4,9,6,7,4,-4,-1,-5,-12,-6,-4,-2,32,-96,0,-53,-363,1004,-133,-223,-189,-163,-67,254,121,-74,16,7,-42,66,-49,-118,-28,45,23,38,-2,-18,28,24,-15,-40,6,-11,29,198,-207,634,-254,21,-146,-19,48,62,42,-78,0,-45,1,37,-19,-21,-17,-19,22,10,4,-7,-50,-139,-1745,2576,912,-580,-992,-166,-194,-146,499,389,52,1,-113,-169,-111,-80,2,28,71,-12,42,-10,-99,-26,-148,-1352,474,945,248,-57,-376,-237,38,93,129,129,10,-70,-78,-74,-34,6,20,30,36,-9,-36,-52,-37,-44,34,0,1364,-657,-2083,-1292,263,189,525,587,315,34,-4,-73,-70,-144,-129,-81,16,55,72,30,18,-23,22,10,-26,-263,-308,114,-2298,3101,718,58,-165,-17,-250,-96,-267,35,79,-169,-64,3,51,39,23,24,-53,-25,-20,-28,37,12,12,-59,-2123,1900,1745,-993,-346,-300,-56,131,-79,-125,199,106,32,-54,-69,-91,-17,44,13,-25,13,-13,22,-17,-14,-4,-60,115,-133,-670,2145,-1001,-117,-117,-3,150,7,-279,182,54,-30,-26,-17,-25,12,17,38,-74,36,-11,-4,31,-11,-2,-41,15,33,15,1,-76,60,-26,-99,-209,734,61,78,-72,104,-37,-359,-346,72,39,94,41,55,19,0,-9,14,-81,32,-30,39,39,0,52,-75,64,39,-29,-42,-32,8,33,30,5,-1,-21,-17,40,-87,35
13,-398,711,-2,39,-296,50,183,-101,-191,112,38,19,1,-21,-74,-24,58,110,-25,-2,-80,-39,-18,-20,-27,0,31,62,34,-29,-74,41,-846,819,317,-496,-106,143,141,26,-143,67,121,55,-84,-58,-29,14,-19,11,-19,-54,38,19,-36,-42,-29,-5,-44,-3982,3538,-278,-2,-519,-342,172,49,-239,146,279,110,-5,-83,-76,-96,-17,31,2,4,5,-11,8,-17,-33,-110,27,31,-299,713,-977,1206,-418,322,-199,114,11,19,-41,63,47,-4,-29,-37,-40,-40,-25,-8,2,25,-4,-8,-8,-30,-37,-3,-5,-33,-1948,977,2125,-597,-255,-699,-143,324,-36,135,129,160,24,-92,-146,-116,-102,-45,82,189,111,14,-57,-60,-27,-38,43,20,67,-21,-177,-471,-104,482,425,159,-67,-117,-97,-20,58,6,4,-14,-11,-46,-47,-53,-3,45,48,22,4,-33,-47,-52,-134,-101,196,99,283,92,-299,-349,-83,144,147,123,46,-58,-73,-44,6,4,12,27,9,-15,-29,-11,-3,13,6,-5,26,-95,30,43,35,-16,-60,-11,224,129,-182,-256,-203,4,297,263,47,-104,-124,-124,-42,28,36,43,31,16,4,-11,-29,-4,10,5,-8,-11,-2,2,-2,-10,5,23,74,-50,39,-41,-5,0,26,-61,-56,128,-32,51,-25,-52,28,34,-35,-37,27,-24,-17,54,-8,-14,13,18,12,-1,-37,-33,53,40,-21,-23,-7,18,22,-34,-35,77,34,-38,-47,-17,10,27,4,1,5,-15,11,-3,-14,-2,-1,-20,13,0,-6,0,-1,8,13,-3,-2,-4,-9,-5,2,5,7,12,6,-11,-4,-2,-8,3,3,-10,-4,9,-3,-118,8,-41,1,360,347,-394,-180,-98,-91,169,152,-100,-53,50,-54,42,12,-62,-24,23,7,7,9,-18,1,31,3,-31,3,-5,12,16,-65,-186,51,250,70,-102,47,-203,-123,64,98,140,26,-63,-60,3,-9,3,18,-12,0,12,-19,7,-6,-16,-14,-44,-10,-287,-261,72,753,260,-799,-333,-187,-127,375,279,100,73,-221,-120,-90,-36,21,66,16,13,-14,-3,-27,-16,-31,-120,-164,-37,348,251,15,-97,-117,-29,-46,25,43,5,13,-38,2,-36,-3,-23,3,20,39,-9,-18,-58,-38,-40,20,45,18,-102,1831,-1369,1797,-2331,36,-215,366,573,265,91,118,5,-57,-70,-90,-83,-79,-40,42,52,60,21,-13,5,0,-9,-15,-2,85,-342,-1392,1276,207,209,205,70,98,-140,-269,25,49,-28,-48,-23,-37,-64,-42,48,25,48,-18,-6,2,-70,-252,320
246,-440,-117,336,-110,0,-120,151,200,-10,-71,-29,-25,-6,-39,3,17,-30,-13,-10,1,2,-2,4,10,-2,12,-22,-13,2,3,-10,-587,-662,1230,32,36,-564,282,178,-80,-116,259,-44,-50,-134,-49,-78,-38,-8,3,-74,74,12,124,67,26,-24,19,114,-23,-515,-732,-743,1433,721,478,-73,-203,-652,-386,-63,194,19,27,49,39,23,72,51,-69,-135,-105,1,62,49,-3,-44,45,157,-74,-53,-49,-189,862,-765,368,110,217,-247,-258,-51,118,-125,-96,70,78,72,90,94,-55,-89,-19,-44,41,37,7,-96,14,56,3,-26,50,-190,128,211,71,-169,-79,-75,-10,25,41,31,13,8,-7,-12,-4,-14,-30,-28,30,36,15,-1,1,-13,7,-1,-3,-9,5,1,6,15,-6,-6,-25,-3,-12,45,-11,1,-20,12,10,2,-16,-13,-6,16,8,94,-376,17,-16,96,-13,228,249,118,-213,-364,-143,51,115,47,-5,3,6,7,19,1,-40,-29,12,34,11,1,-49,-28,19,47,28,-16,-42,-12,20,8,-23,-11,25,15,23,3,-25,-24,31,-505,-198,312,667,8,-412,-115,67,123,-31,-123,52,-10,-45,-10,26,-6,-14,21,22,-23,24,-1,-28,6,7,-8,-134,-525,-332,1622,368,-776,-350,180,142,-271,-28,41,141,32,56,-58,-81,-93,23,-16,-2,-40,39,35,55,-4,-56,4,32,200,-907,91,956,-234,-327,-10,707,-196,-46,5,72,13,-44,-95,-27,-74,9,34,-10,-29,34,-16,14,-23,-3,-53,38,-101,-5605,5279,777,-989,-1162,-609,140,202,60,117,129,144,88,-87,-73,-60,-10,10,-6,7,-17,2,9,-16,3,-60,-16,26,-285,-1025,-100,1071,-427,229,-319,329,54,-82,-30,7,-23,-5,-34,-14,-19,12,20,40,-6,-17,-29,-40,-24,-9,-12,-22,26,178,-2560,1146,550,274,-868,-467,148,-230,74,388,239,182,-110,-219,-124,-257,-133,89,159,156,57,-5,-38,-31,10,3,-26,-8,-26,-65,-646,121,576,822,-118,-335,-157,-283,5,290,51,28,-56,81,-44,41,-41,-15,-15,31,-54,-2,-53,-56,3,56,65,32,38,-5,-3,284,-656,-259,787,-145,-214,321,-78,-99,-14,-119,0,113,15,-81,14,-66,3,56,45,17,44,-60,-67,17,-4,20,-30,9,24,36,11,7,-136,67,93,122,-200,160,-133,-31,167,-43,-68,27,59,-75,103,-19,-46,30,-2,-28,23,-8,-23,30,7,35,-7,58,-115,-47,217,-185,107,-91,-117,141,71,-89,-6,33,-78,46,-11,-49
12,54,22,9,3,-46,13,21,-12,-32,1,18,13,24,-22,-19,-2,15,8,-4,3,-2,11,12,-7,-15,-2,8,3,6,0,9,12,-11,3,-17,-10,13,7,1,0,-4,2,8,-48,-79,-89,237,121,-41,-22,-59,-122,40,40,22,57,2,-67,-24,-30,-17,67,14,-3,25,7,-19,-16,-21,-1,32,12,-10,-2,5,3,-4,-2,-11,-75,70,-110,310,-152,153,-249,25,-81,7,146,36,35,-102,40,-62,-9,24,-20,-7,46,3,-11,-2,-10,0,4,-10,-69,-624,-129,1274,526,-330,-616,-223,-128,49,269,153,30,-23,-47,-65,-55,-24,-6,-15,41,31,21,-6,-25,-8,6,-7,-2,21,-116,-1731,713,1042,-306,-327,248,-260,-45,185,-28,69,-57,-14,-27,-14,-19,-12,7,30,-18,16,-9,-16,6,21,4,-20,-37,-1161,2365,3539,-410,-626,-1522,-467,128,110,352,304,141,-3,-48,-124,-125,-29,27,37,46,7,-41,-60,-28,-11,-26,-13,-54,-370,-2703,1897,1260,-272,-32,-154,-50,44,-164,2,108,-29,-42,-131,-107,-48,47,77,16,27,-14,-14,14,-1,28,-32,4,4,-114,-436,-1739,2834,-777,-48,-165,241,61,63,-81,141,-25,14,-69,-46,-79,-21,16,15,-45,4,-24,36,5,-29,-16,-22,46,-83,-102,242,287,349,-308,19,312,77,-300,-72,14,2,-37,-29,-35,-31,49,99,-57,-22,6,12,31,37,10,-44,-24,-37,-500,-180,-58,1171,-229,344,246,367,-129,-527,-361,0,-146,4,39,61,41,82,65,-7,-105,6,-17,61,5,-23,-40,-7,48,-23,122,-178,44,-68,269,177,128,-297,406,-537,3,138,267,-124,-158,-20,-20,-168,-111,11,93,123,147,135,-24,-78,-48,-28,41,12,-32,-40,12,51,10,-26,-28,-9,29,53,-26,-19,-27,-19,-29,-8,0,47,20,34,-10,16,-10,0,-11,0,-10,-3,12,-44,-1,5,13,-5,14,-2,-1,-16,0,-4,3,-454,996,-2207,1887,-5,617,-43,-489,-562,-8,21,193,8,50,-51,-4,84,122,-143,-105,-76,0,122,84,-7,-81,4,46,21,4,-81,-959,-1214,1413,632,-56,2,102,-291,-669,-89,138,51,64,128,-2,-68,-14,43,-69,-32,3,13,117,32,-27,-74,0,5,-291,-525,989,285,-538,-293,92,389,-126,-119,55,234,27,-16,-52,-59,-87,-57,-60,-45,8,15,37,45,29,-10,-14,-14,-923,794,587,499,-826,-177,43,207,-146,-53,126,63,54,-89,-54,-101,31,39,6,-26,7,-53,65,-1,15,-67,-35,-876,646,825
142,-432,-449,-43,193,229,25,-43,54,70,-7,-45,-77,-73,-101,-36,18,47,48,6,-14,-10,-20,-48,17,25,-136,-2125,2404,541,-720,166,-461,289,22,-134,122,111,93,-93,-85,-130,-98,-54,109,133,111,-3,-38,-60,-19,18,-5,9,19,10,75,-1119,-99,1160,-38,-390,195,99,101,131,-79,-20,-62,-24,17,-25,-88,-31,31,53,22,3,20,-23,-14,1,-10,22,-2,-223,-523,-65,1215,535,-140,-930,-267,76,-9,286,218,-65,-45,-37,-37,-63,-4,7,23,59,12,-47,-31,-42,-20,65,71,33,-30,27,-396,541,135,-173,47,-102,55,149,14,-47,-135,45,-80,98,-15,8,-9,-18,-13,35,-7,-31,-25,23,30,-11,41,-60,92,-28,-26,-18,57,-53,-72,169,13,84,-72,-201,-13,161,22,-36,25,-44,-49,85,-11,-20,13,7,-1,14,-19,-39,64,-34,57,-31,23,5,30,-3,15,-20,26,-105,62,-5,-59,75,9,-57,7,14,-44,51,20,-28,-7,12,-5,10,2,-21,10,13,-15,-14,181,-270,178,-159,124,-91,-53,132,-33,-14,0,10,-39,65,0,-55,28,8,-6,6,1,-20,3,-7,-2,4,3,0,-1,52,-327,-151,-323,1253,-104,-317,-224,-232,28,264,84,-64,36,-26,-21,50,-20,-131,-69,10,65,85,12,-44,7,4,-15,-32,13,27,34,12,-527,-444,1269,-14,-135,-226,-345,14,260,83,63,-71,48,-153,61,-43,11,7,42,-39,29,-43,-25,1,16,10,-29,5,22,-2209,564,1987,1164,-1204,-675,-376,-612,251,570,349,210,-125,-139,-108,-192,-77,-11,56,89,30,54,-13,-62,-13,3,5,-329,-2799,2885,473,-56,-406,-314,-84,75,16,72,51,-27,-49,-49,-94,-7,38,57,50,44,-44,-76,-116,-115,-33,26,-11,-1039,8768,-3239,-1828,-1007,529,513,650,403,-213,112,-55,64,-37,-51,-66,-14,-40,3,-14,-14,-70,-30,-84,-37,20,71,-23,-61,685,-718,2352,-390,233,-140,11,-134,-377,-200,240,116,17,-47,-47,-34,-30,1,6,-81,11,-47,50,-7,24,-20,-38,-538,244,301,1091,-564,-314,-295,411,137,19,-138,25,-59,56,-58,-105,-118,4,40,85,-4,25,-27,45,9,-4,-30,-2,-176,-264,-171,-154,-45,887,486,-114,23,70,21,-396,-611,-119,126,48,142,99,41,-18,41,79,-76,-53,-26,-56,51,-18,30,-223,-289,123,27,371,325,68,-308,-228,-320,36,-28,27,-57,0,116,171,82,1,-57,-56,-17,20,32,-8,-21,-12,-12,3,139,-158,-97,-89,297,271
82,-5,-164,-50,-120,13,47,19,-134,-52,92,99,17,-57,-40,-28,7,46,38,-30,-26,-26,32,53,192,-212,5,-200,48,89,-57,42,23,76,100,-28,34,0,-64,-66,-56,3,47,6,9,17,22,-1,3,-7,-15,-25,-17,-66,-302,-283,-478,665,683,419,128,-3,-270,-435,-383,-122,-4,88,144,110,65,24,-62,-103,-147,-41,42,112,110,27,-12,0,42,41,-3,-319,219,203,-58,-185,146,374,52,-237,11,41,-4,-21,-28,-109,-37,38,67,-69,15,-88,62,61,26,-39,-42,45,28,-42,-3528,1943,116,-243,-46,-123,371,-59,-164,30,186,132,-26,-89,-93,-20,-30,-6,-42,21,-19,58,-23,-28,-13,-37,-10,17,-235,-691,344,1425,-437,-241,-532,-60,165,74,64,123,49,25,-39,-44,-33,-28,-45,-8,-9,22,-5,14,-5,4,-17,-73,-45,28,-86,-372,18,1272,-332,-273,61,-378,474,-21,-77,41,182,169,-51,-111,-112,-81,-66,-13,55,73,18,-12,-30,-8,7,-10,-15,-18,-2,-381,170,0,700,-244,-160,-97,116,120,-5,120,43,4,-59,-24,-61,-60,-69,-57,-55,25,69,84,41,-9,-34,-54,-50,-27,26,32,-4,-824,769,1139,535,-610,-648,-438,-200,367,491,120,-69,-102,-112,-59,30,16,-15,25,4,-6,8,-5,-20,-3,20,9,-9,4,72,-163,-91,-24,282,252,-74,-235,-109,-103,55,85,170,-4,-44,-16,1,-62,-49,9,9,7,45,1,6,-5,-5,17,-11,-40,102,-239,16,54,150,-36,-70,1,40,7,20,-31,-88,39,101,34,-16,-26,-27,17,-3,8,6,-19,-39,-22,-3,26,34,15,-18,-8,-22,40,-94,45,68,160,36,-102,-107,-74,-34,154,121,-55,-103,-34,-41,107,75,-34,-36,-19,-6,34,8,-32,12,29,9,-9,-17,-16,13,-122,-236,180,368,89,-161,-1,-52,-205,-63,89,95,62,47,30,-36,-67,-17,-35,-8,-10,24,10,37,5,11,-12,-22,-12,-13,-39,-47,129,-704,783,1732,-416,-675,-179,-361,-90,327,238,290,32,-92,-109,-135,-121,-51,14,71,77,55,5,-16,-40,-35,4,9,-33,-80,-468,-1944,3771,-197,-739,-486,-449,20,-61,56,69,102,56,37,-9,-34,-100,-62,-29,66,22,-1,-34,-22,-22,-71,6,57,-159,-2910,5412,-815,-1417,-722,151,219,542,138,-142,79,30,34,-156,-112,-159,-52,140,196,107,52,-72,-69,-86,-70,-32,16,84,2,-67,-293,-58,645,-189,-255,379,301,-6,-111,-107,29,-34,-70,-35,-19,-15,27,27,24,-24
-13,-10,0,-6,-79,-120,-127,-89,376,274,-87,-280,296,361,-247,-335,97,45,21,-153,90,104,-10,-19,-3,-31,-37,-17,21,-59,-11,31,6,26,13,-62,-141,-65,35,1,158,139,299,286,65,-113,-62,-321,-521,-173,173,171,11,122,98,56,22,-44,-74,-26,43,68,43,-34,-41,-85,65,-153,-33,-166,-149,104,236,354,241,96,-12,-172,-162,-136,-45,-11,-11,16,31,3,-16,6,28,29,4,-5,1,-17,-3,5,2,-9,-51,-103,-61,-23,89,141,35,220,29,126,-33,-265,-202,10,-5,67,36,32,-66,-83,-22,7,19,68,61,61,12,-22,-47,-52,2,-9,-214,-3,184,179,161,-299,-122,3,103,152,-5,-28,116,-6,-16,-34,-50,-68,-25,19,-10,-24,-7,-22,-1,1,-1,21,24,21,-327,164,-13,-11,580,-63,-470,46,85,78,-107,57,148,16,-58,-119,-88,-32,51,65,-6,-36,36,-37,27,-129,-68,-290,868,-325,-197,-344,497,2,304,57,-16,-60,-36,-64,-6,-1,17,6,2,5,-25,-29,-15,-7,-5,-13,-1,-26,16,-3,-12,-1238,-930,1818,2723,-627,-416,-1014,-139,83,83,309,178,37,-31,-98,-129,-126,-21,95,88,48,-16,-44,-24,-10,4,6,1,37,6,-155,-322,-487,-138,844,695,10,-292,-237,-126,-9,192,75,43,-27,-57,-77,-28,-31,-15,4,69,21,-2,-30,-61,-18,4,0,-10,17,-40,-1403,1241,1079,146,-903,-158,-56,-419,376,187,69,44,76,-153,-89,-61,-17,19,70,18,9,5,-58,-10,20,35,-12,8,-1,14,7,-16,-23,14,51,-132,62,6,50,6,-124,-57,172,79,-28,44,-81,-19,83,-73,-101,32,116,1,45,-29,-99,30,19,-10,40,4,-30,21,21,-9,-16,8,-1,8,-11,-25,1,18,21,5,1,-17,13,1,-2,-7,-19,6,2,6,6,16,7,2,-7,-16,-40,-16,-94,73,146,52,-65,-19,31,-35,-58,-56,23,24,45,13,3,-24,-29,-4,5,18,10,13,-5,-10,-3,11,10,-2,-16,-26,-94,-124,180,297,-10,-215,-190,46,104,-53,51,75,-45,-26,25,-3,-5,1,-49,-14,38,15,1,-6,-28,-18,8,-31,-9,-60,44,116,74,-123,-157,130,118,-18,14,17,-15,-54,-11,17,-36,4,-3,5,13,18,-8,-8,-19,-16,-12,-6,-8,-112,-306,-176,1344,168,-65,-492,-66,-70,170,45,102,159,-113,-103,-53,-42,-33,9,25,69,37,5,-54,-37,-27,-17,-83,-76,-33,-953,-176,349,171,319,403,-276,-28,18,-56
