9.4,9.37,9.35,9.39,9.37,9.4,9.39,9.38,9.39,9.38,9.4,9.37,9.35,9.35,9.36,9.39,9.39,9.38,9.39,9.37,9.38,9.38,9.38,9.37,9.37,9.36,9.4,9.39,9.39,9.43,9.46,9.48,9.4,9.3,9.24,9.28,9.34,9.38,9.36,9.4,9.39,9.37,9.36,9.38,9.39,9.37,9.36,9.36,9.37,9.39,9.37,9.39,9.35,9.36,9.38,9.38,9.35,9.37,9.35,9.36,9.39,9.36,9.4,9.39,9.39,9.39,9.35,9.39,9.42,9.38,9.35,9.38,9.38,9.35,9.37,9.38,9.35,9.36,9.38,9.37,9.38,9.39,9.4,9.39,9.39,9.37,9.37,9.36,9.39,9.4,9.37,9.35,9.36,9.37,9.39,9.37,9.38,9.35,9.37,9.38,9.35,9.35,9.38,9.37,9.35,9.36,9.37,9.38,9.38,9.36,9.39,9.39,9.36,9.37,9.38,9.39,9.37,9.38,9.38,9.37,9.38,9.4,9.4,9.39,9.37,9.37,9.37,9.38,9.37,9.37,9.35,9.38,9.37,9.4,9.38,9.37,9.37,9.36,9.38,9.39,9.4,9.39,9.36,9.4,9.37,9.39,9.39,9.36,9.36,9.39,9.38,9.37,9.37,9.39,9.38,9.39,9.36,9.37,9.37,9.37,9.38,9.39,9.36,9.4,9.39,9.39,9.38,9.38,9.36,9.35,9.36,9.37,9.39,9.39,9.37,9.38,9.36,9.36,9.37,9.39,9.37,9.37,9.36,9.4,9.37,9.38,9.38,9.39,9.39,9.39,9.4,9.38,9.36,9.36,9.38,9.38,9.39,9.41,9.38,9.38,9.37,9.39,9.38,9.35,9.39,9.37,9.39,9.38,9.36,9.37,9.39,9.37,9.37,9.36,9.39,9.38,9.37,9.4,9.38,9.38,9.39,9.37,9.38,9.38,9.4,9.38,9.36,9.35,9.38,9.39,9.37,9.39,9.36,9.37,9.4,9.36,9.36,9.36,9.38,9.38,9.36,9.39,8.59,9.57,9.23,9.35,9.4,9.36,9.37,9.35,9.35,9.35,9.37,9.38,9.37,9.36,9.39,9.38,9.37,9.36,9.4,9.38,9.38,9.39,9.36,9.38,9.4,9.38,9.41,9.4,9.36,9.37,9.39,9.4,9.4,9.38,9.38,9.39,9.37,9.36,9.4,9.39,9.36,9.4,9.39,9.36,9.37,9.37,9.39,9.94,8.89,9.59,8.99,9.52,9.27,9.36,9.35,9.37,9.35,9.37,9.38,9.38,9.39,9.4,9.4,9.38,9.37,9.4,9.38,9.38,9.38,9.35,9.37,9.4,9.39,9.36,9.39,9.42,9.4,9.4,9.43,9.39,9.39,9.35,9.26,9.37,9.3,9.34,9.38,9.4,9.4,9.37,9.39,9.39,9.39,9.39,9.38,9.4,9.37,9.35,9.36,9.36,9.38,9.37,9.38,9.38,9.38,9.35,9.37,9.36,9.38,9.37,9.38,9.4,9.39,9.41,9.39,9.37,9.36,9.36,9.36,9.35,9.35,9.37,9.36,9.36,9.4,9.39,9.39,9.37,9.39,9.4,9.37,9.4,9.37,9.35,9.38,9.38,9.37,9.39,9.39,9.4,9.4,9.36,9.39,9.36,9.36,9.38,9.37,9.36,9.34,9.38,9.38,9.38,9.36,9.37,9.37,9.38,9.38,9.35
9.36,9.35,9.38,9.38,9.39,9.37,9.36,9.37,9.37,9.38,9.39,9.36,9.37,9.36,9.37,9.37,9.38,9.38,9.38,9.35,9.38,9.37,9.41,9.37,9.39,9.37,9.39,9.37,9.39,9.37,9.38,9.38,9.37,9.36,9.38,9.37,9.35,9.36,9.36,9.37,9.4,9.38,9.39,9.39,9.38,9.38,9.39,9.39,9.39,9.38,9.4,9.41,9.37,9.38,9.38,9.37,9.38,9.39,9.41,9.39,9.39,9.38,9.36,9.39,9.39,9.39,9.4,9.36,9.37,9.38,9.36,9.38,9.37,9.37,9.38,9.38,9.38,9.4,9.38,9.4,9.38,9.4,9.39,9.39,9.38,9.36,9.41,9.4,9.38,9.41,9.37,9.37,9.38,9.36,9.37,9.38,9.38,9.35,9.36,9.37,9.38,9.38,9.4,9.37,9.36,9.37,9.37,9.36,9.38,9.37,9.39,9.35,9.37,9.39,9.39,9.39,9.39,9.4,9.38,9.39,9.39,9.37,9.41,9.33,9.33,9.37,9.37,9.38,9.41,9.4,9.37,9.33,9.38,9.38,9.38,9.4,9.4,9.39,9.38,9.39,9.38,9.39,9.38,9.38,9.39,9.36,9.36,9.37,9.39,9.39,9.37,9.35,9.39,9.37,9.35,9.39,9.39,9.39,9.38,9.38,9.39,9.39,9.38,9.38,9.39,9.38,9.39,9.37,9.37,9.37,9.37,9.41,9.43,9.48,9.39,9.35,9.31,9.3,9.35,9.39,9.4,9.4,9.38,9.39,9.41,9.41,9.41,9.38,9.36,9.38,9.36,9.38,9.39,9.38,9.38,9.37,9.36,9.37,9.38,9.4,9.37,9.38,9.39,9.38,9.39,9.37,9.35,9.37,9.39,9.36,9.35,9.37,9.38,9.4,9.4,9.37,9.38,9.4,9.44,9.25,9.34,9.41,9.39,9.37,9.36,9.35,9.35,9.4,9.41,9.42,9.41,9.39,9.39,9.41,9.39,9.38,9.38,9.37,9.37,9.37,9.35,9.37,9.36,9.4,9.36,9.43,9.37,9.37,9.38,9.35,9.38,9.37,9.39,9.38,9.36,9.37,9.38,9.37,9.38,9.38,9.4,9.39,9.38,9.35,9.36,9.15,9.55,9.56,9.35,9.24,9.41,9.36,9.44,9.39,9.41,9.37,9.34,9.39,9.38,9.38,9.35,9.41,9.38,9.35,9.39,9.39,9.37,9.38,9.38,9.39,9.39,9.38,9.38,9.37,9.36,9.39,9.36,9.37,9.36,9.31,9.72,9.11,9.39,9.34,9.46,9.4,9.38,9.38,9.37,9.37,9.36,9.36,9.35,9.34,9.38,9.35,9.39,9.36,9.38,9.39,9.37,9.39,9.37,9.39,9.4,9.38,9.37,9.39,9.38,9.39,9.39,9.35,9.39,9.35,9.34,9.4,9.36,9.37,9.4,9.34,9.37,9.33,9.37,9.39,9.39,9.38,9.35,9.39,9.37,9.36,9.37,9.39,9.4,9.37,9.37,9.38,9.35,9.38,9.38,9.36,9.38,9.38,9.39,9.39,9.41,9.49,9.32,9.41,9.38,9.39,9.31,9.38,9.37,9.38,9.39,9.35,9.4,9.36,9.37,9.39,9.37,9.37,9.37,9.36,9.38,9.38,9.38,9.39,9.36,9.36,9.39,9.37,9.37,9.39,9.37,9.38,9.38,9.38,9.38,9.35
9.36,9.36,9.39,9.38,9.38,9.36,9.37,9.38,9.39,9.37,9.39,9.36,9.35,9.36,9.38,9.4,9.4,9.35,9.36,9.36,9.4,9.4,9.37,9.39,9.37,9.38,9.38,9.39,9.38,9.4,9.36,9.38,9.38,9.35,9.39,9.4,9.38,9.4,9.4,9.38,9.4,9.37,9.38,9.38,9.4,9.38,9.36,9.37,9.4,9.4,9.37,9.37,9.35,9.36,9.36,9.38,9.36,9.37,9.37,9.36,9.36,9.37,9.37,9.36,9.39,9.36,9.39,9.38,9.37,9.36,9.38,9.38,9.38,9.39,9.39,9.37,9.36,9.38,9.37,9.39,9.38,9.39,9.37,9.37,9.38,9.4,9.38,9.4,9.38,9.37,9.38,9.37,9.36,9.38,9.37,9.37,9.38,9.35,9.36,9.36,9.36,9.37,9.38,9.37,9.38,9.38,9.39,9.39,9.37,9.36,9.36,9.37,9.37,9.37,9.4,9.38,9.36,9.36,9.39,9.4,9.35,9.46,9.35,9.4,9.4,9.38,9.38,9.36,9.38,9.37,9.38,9.38,9.35,9.38,9.38,9.35,9.35,9.4,9.37,9.36,9.37,9.37,9.4,9.37,9.36,9.37,9.36,9.35,9.38,9.37,9.37,9.4,9.39,9.37,9.37,9.39,9.36,9.36,9.36,9.37,9.37,9.36,9.38,9.42,9.53,9.27,9.35,9.36,9.36,9.4,9.36,9.37,9.38,9.37,9.35,9.36,9.38,9.39,9.36,9.36,9.37,9.38,9.39,9.38,9.35,9.39,9.36,9.38,9.38,9.35,9.38,9.39,9.4,9.35,9.35,9.39,9.39,9.38,9.36,9.37,9.37,9.37,9.4,9.38,9.38,9.37,9.38,9.38,9.38,9.36,9.39,9.38,9.38,9.37,9.4,9.48,9.43,9.32,9.14,9.43,9.39,9.33,9.37,9.35,9.37,9.4,9.35,9.35,9.4,9.37,9.36,9.39,9.37,9.37,9.37,9.39,9.38,9.38,9.38,9.37,9.39,9.38,9.39,9.4,9.32,9.56,8.85,9.62,9.09,9.46,9.27,9.42,9.39,9.39,9.3,9.41,9.37,9.38,9.38,9.39,9.38,9.38,9.4,9.4,9.35,9.39,9.4,9.36,9.39,9.39,9.37,9.36,9.38,9.37,9.39,9.38,9.36,9.34,9.39,9.4,9.4,9.38,9.26,9.57,9.27,9.4,9.31,9.42,9.39,9.38,9.35,9.39,9.38,9.4,9.4,9.39,9.4,9.36,9.36,9.39,9.38,9.38,9.37,9.36,9.35,9.38,9.37,9.38,9.39,9.36,9.35,9.38,9.39,9.38,9.36,9.35,9.4,9.4,9.36,9.35,9.36,9.39,9.39,9.36,9.36,9.37,9.39,9.39,9.4,9.4,9.37,9.4,9.39,9.36,9.37,9.37,9.37,9.38,9.36,9.38,9.38,9.34,9.36,9.36,9.39,9.37,9.38,9.37,9.39,9.38,9.4,9.38,9.37,9.37,9.38,9.37,9.36,9.37,9.37,9.36,9.38,9.38,9.38,9.36,9.38,9.38,9.36,9.38,9.38,9.37,9.37,9.39,9.41,9.4,9.38,9.38,9.38,9.35,9.39,9.37,9.39,9.38,9.38,9.38,9.38,9.38,9.37,9.39,9.36,9.35,9.34,9.35,9.39,9.39,9.37,9.37,9.35,9.38,9.38,9.39
9.38,9.36,9.37,9.38,9.38,9.36,9.37,9.36,9.38,9.37,9.38,9.37,9.36,9.37,9.38,9.37,9.38,9.36,9.39,9.37,9.37,9.38,9.37,9.37,9.37,9.41,9.38,9.37,9.4,9.38,9.37,9.39,9.45,9.36,9.43,9.29,9.34,9.39,9.4,9.36,9.36,9.36,9.36,9.38,9.36,9.38,9.38,9.37,9.38,9.39,9.38,9.39,9.39,9.38,9.39,9.39,9.36,9.38,9.35,9.36,9.38,9.36,9.38,9.4,9.36,9.38,9.38,9.37,9.39,9.37,9.36,9.39,9.35,9.37,9.37,9.38,9.39,9.38,9.45,9.4,9.35,9.29,9.34,9.36,9.39,9.39,9.41,9.41,9.38,9.36,9.36,9.36,9.41,9.38,9.36,9.36,9.37,9.39,9.39,9.39,9.38,9.36,9.38,9.39,9.36,9.38,9.39,9.38,9.37,9.39,9.4,9.37,9.36,9.38,9.41,9.4,9.38,9.36,9.38,9.4,9.39,9.4,9.38,9.39,9.38,9.4,9.36,9.43,9.41,9.33,9.31,9.38,9.36,9.35,9.38,9.38,9.36,9.36,9.36,9.39,9.39,9.39,9.4,9.37,9.36,9.35,9.37,9.39,9.38,9.37,9.36,9.36,9.4,9.4,9.39,9.37,9.38,9.39,9.37,9.35,9.38,9.41,9.39,9.38,9.35,9.36,9.39,9.37,9.37,9.39,9.39,9.37,9.38,9.18,9.5,9.4,9.36,9.39,9.36,9.36,9.35,9.37,9.4,9.41,9.39,9.4,9.38,9.39,9.4,9.38,9.39,9.39,9.4,9.38,9.38,9.37,9.37,9.4,9.38,9.37,9.39,9.38,9.35,9.37,9.37,9.36,9.43,9.37,9.36,9.41,9.36,9.38,9.4,9.37,9.37,9.35,9.36,9.39,9.36,9.38,9.38,9.37,9.39,9.39,9.36,9.37,9.36,9.36,9.36,9.39,9.34,9.39,9.38,9.39,9.37,9.38,9.37,9.37,9.37,9.37,9.39,9.38,9.4,9.4,9.37,9.36,9.35,9.43,9.33,9.41,9.36,9.38,9.36,9.39,9.39,9.39,9.39,9.35,9.37,9.39,9.38,9.36,9.39,9.38,9.38,9.38,9.39,9.37,9.37,9.37,9.39,9.39,9.37,9.46,9.34,9.36,9.36,9.38,9.37,9.39,9.39,9.36,9.38,9.37,9.38,9.38,9.38,9.4,9.38,9.4,9.38,9.38,9.38,9.36,9.4,9.38,9.37,9.37,9.4,9.38,9.38,9.35,9.35,9.39,9.39,9.39,9.35,9.38,9.4,9.39,9.38,9.38,9.37,9.38,9.36,9.39,9.38,9.4,9.37,9.36,9.36,9.37,9.36,9.38,9.37,9.36,9.39,9.44,9.39,9.38,9.39,9.41,9.39,9.38,9.37,9.39,9.36,9.35,9.39,9.36,9.41,9.38,9.38,9.37,9.36,9.37,9.38,9.41,9.38,9.39,9.38,9.38,9.41,9.37,9.39,9.36,9.36,9.36,9.39,9.39,9.37,9.38,9.41,9.39,9.38,9.37,9.38,9.38,9.38,9.36,9.39,9.39,9.4,9.37,9.37,9.37,9.37,9.37,9.35,9.34,9.35,9.38,9.39,9.37,9.39,9.39,9.4,9.36,9.36,9.37,9.39,9.39,9.39,9.39,9.35,9.39,9.39,9.39,9.38,9.37
9.38,9.39,9.39,9.38,9.37,9.37,9.38,9.39,9.39,9.39,9.36,9.37,9.37,9.4,9.37,9.38,9.37,9.36,9.38,9.38,9.39,9.37,9.38,9.4,9.36,9.39,9.36,9.35,9.36,9.38,9.38,9.4,9.37,9.36,9.38,9.36,9.38,9.39,9.39,9.37,9.38,9.38,9.37,9.38,9.37,9.35,9.36,9.38,9.38,9.4,9.35,9.36,9.39,9.39,9.36,9.38,9.4,9.38,9.38,9.4,9.39,9.38,9.37,9.39,9.4,9.4,9.37,9.38,9.38,9.38,9.35,9.35,9.38,9.39,9.38,9.37,9.41,9.37,9.4,9.39,9.38,9.39,9.38,9.4,9.4,9.36,9.38,9.39,9.37,9.36,9.36,9.38,9.37,9.39,9.39,9.4,9.36,9.37,9.36,9.36,9.36,9.38,9.39,9.37,9.38,9.36,9.37,9.38,9.38,9.37,9.38,9.37,9.37,9.38,9.37,9.38,9.39,9.36,9.34,9.38,9.35,9.37,9.36,9.39,9.39,9.37,9.37,9.4,9.37,9.36,9.38,9.44,9.37,9.4,9.39,9.39,9.37,9.38,9.39,9.38,9.36,9.38,9.39,9.36,9.39,9.4,9.39,9.39,9.35,9.37,9.37,9.4,9.4,9.37,9.37,9.36,9.39,9.4,9.39,9.38,9.38,9.39,9.38,9.38,9.37,9.38,9.36,9.35,9.36,9.37,9.4,9.39,9.38,9.38,9.39,9.38,9.38,9.38,9.4,9.34,9.52,9.4,9.37,9.4,9.36,9.36,9.36,9.37,9.35,9.37,9.32,9.35,9.35,9.39,9.36,9.38,9.37,9.37,9.37,9.38,9.39,9.38,9.35,9.37,9.38,9.38,9.36,9.39,9.38,9.37,9.35,9.38,9.39,9.37,9.39,9.4,9.39,9.37,9.38,9.39,9.38,9.37,9.39,9.36,9.37,9.35,9.34,9.37,9.37,9.3,9.66,9.18,9.46,9.4,9.4,9.37,9.36,9.39,9.39,9.35,9.37,9.38,9.38,9.38,9.39,9.37,9.37,9.37,9.39,9.36,9.36,9.39,9.39,9.36,9.37,9.37,9.39,9.37,9.36,9.37,9.4,9.4,9.37,9.35,9.37,9.38,9.39,9.37,9.37,9.38,9.57,9.33,9.44,9.29,9.36,9.3,9.33,9.36,9.38,9.3,9.4,9.33,9.38,9.39,9.4,9.38,9.36,9.36,9.4,9.38,9.38,9.39,9.4,9.38,9.37,9.41,9.38,9.37,9.37,9.39,9.37,9.4,9.4,9.52,9.1,9.46,9.18,9.4,9.3,9.41,9.38,9.41,9.33,9.37,9.39,9.38,9.38,9.4,9.36,9.38,9.36,9.4,9.36,9.38,9.37,9.38,9.35,9.4,9.39,9.36,9.36,9.36,9.38,9.4,9.36,9.36,9.37,9.42,9.27,9.35,9.35,9.39,9.39,9.31,9.33,9.4,9.38,9.37,9.38,9.38,9.35,9.35,9.36,9.39,9.38,9.38,9.39,9.36,9.37,9.39,9.37,9.36,9.4,9.39,9.37,9.4,9.36,9.35,9.36,9.37,9.37,9.4,9.35,9.42,9.31,9.35,9.39,9.41,9.36,9.36,9.36,9.4,9.38,9.37,9.37,9.37,9.39,9.37,9.39,9.39,9.4,9.38,9.38,9.36,9.39,9.38,9.35,9.36,9.37,9.35
9.37,9.36,9.37,9.4,9.36,9.35,9.37,9.38,9.37,9.39,9.37,9.38,9.4,9.38,9.39,9.39,9.39,9.4,9.38,9.36,9.38,9.37,9.38,9.38,9.37,9.39,9.4,9.39,9.39,9.37,9.37,9.37,9.36,9.38,9.38,9.38,9.38,9.38,9.36,9.36,9.37,9.38,9.37,9.39,9.39,9.35,9.38,9.38,9.4,9.38,9.37,9.37,9.37,9.38,9.38,9.37,9.39,9.37,9.4,9.37,9.37,9.37,9.37,9.39,9.36,9.36,9.4,9.37,9.39,9.4,9.38,9.36,9.35,9.4,9.39,9.37,9.38,9.39,9.37,9.37,9.39,9.39,9.4,9.36,9.4,9.37,9.39,9.38,9.36,9.39,9.37,9.37,9.37,9.36,9.39,9.4,9.38,9.38,9.39,9.37,9.38,9.39,9.37,9.41,9.37,9.35,9.38,9.39,9.38,9.38,9.36,9.39,9.39,9.37,9.38,9.37,9.37,9.37,9.37,9.38,9.38,9.39,9.39,9.41,9.39,9.36,9.35,9.37,9.38,9.36,9.36,9.4,9.39,9.37,9.39,9.35,9.35,9.38,9.39,9.37,9.39,9.37,9.36,9.38,9.37,9.36,9.39,9.37,9.37,9.38,9.36,9.38,9.38,9.46,9.35,9.34,9.35,9.38,9.4,9.36,9.37,9.39,9.36,9.38,9.4,9.38,9.36,9.37,9.4,9.4,9.4,9.39,9.38,9.37,9.38,9.37,9.4,9.36,9.38,9.4,9.39,9.39,9.36,9.37,9.36,9.38,9.37,9.36,9.36,9.4,9.4,9.37,9.38,9.37,9.36,9.38,9.37,9.37,9.4,9.38,9.38,9.38,9.36,9.39,9.42,9.3,9.38,9.35,9.38,9.4,9.37,9.38,9.38,9.35,9.36,9.39,9.39,9.38,9.38,9.36,9.36,9.37,9.39,9.39,9.37,9.36,9.39,9.39,9.38,9.38,9.38,9.38,9.4,9.38,9.4,9.39,9.36,9.36,9.36,9.37,9.36,9.39,9.36,9.36,9.39,9.38,9.39,9.32,9.42,9.39,9.35,9.39,9.37,9.37,9.4,9.39,9.37,9.39,9.39,9.35,9.36,9.36,9.37,9.4,9.38,9.37,9.34,9.35,9.39,9.38,9.36,9.37,9.37,9.35,9.42,9.29,9.41,9.35,9.38,9.36,9.36,9.4,9.37,9.36,9.37,9.4,9.38,9.37,9.38,9.38,9.36,9.35,9.39,9.37,9.36,9.39,9.32,9.36,9.3,9.32,9.42,9.36,9.37,9.38,9.38,9.39,9.36,9.38,9.36,9.36,9.37,9.39,9.36,9.36,9.37,9.36,9.4,9.36,9.36,9.39,9.36,9.36,9.36,9.38,9.35,9.46,9.32,9.4,9.32,9.41,9.35,9.36,9.37,9.39,9.37,9.38,9.37,9.36,9.36,9.37,9.37,9.38,9.38,9.38,9.39,9.39,9.37,9.38,9.39,9.39,9.41,9.37,9.37,9.36,9.35,9.4,9.39,9.41,9.38,9.62,9.32,9.43,9.35,9.42,9.35,9.38,9.38,9.35,9.35,9.37,9.39,9.4,9.36,9.37,9.39,9.35,9.39,9.36,9.37,9.39,9.37,9.35,9.39,9.38,9.36,9.35,9.38,9.38,9.36,9.38,9.4,9.39,9.38,9.38,9.37,9.38,9.35,9.37,9.36,9.38
9.35,9.37,9.39,9.35,9.35,9.37,9.35,9.37,9.4,9.38,9.38,9.36,9.38,9.38,9.38,9.4,9.37,9.38,9.39,9.37,9.38,9.38,9.36,9.37,9.37,9.39,9.37,9.37,9.37,9.36,9.36,9.37,9.4,9.36,9.37,9.38,9.36,9.37,9.36,9.38,9.39,9.36,9.4,9.37,9.39,9.39,9.38,9.38,9.38,9.36,9.39,9.39,9.37,9.39,9.4,9.38,9.39,9.35,9.38,9.37,9.39,9.37,9.35,9.38,9.36,9.36,9.37,9.38,9.38,9.38,9.37,9.36,9.37,9.39,9.38,9.39,9.37,9.37,9.37,9.39,9.39,9.36,9.39,9.38,9.38,9.37,9.37,9.35,9.38,9.37,9.36,9.38,9.38,9.35,9.39,9.39,9.38,9.36,9.36,9.37,9.37,9.38,9.39,9.4,9.39,9.36,9.37,9.37,9.38,9.37,9.37,9.38,9.39,9.38,9.38,9.37,9.39,9.39,9.4,9.38,9.37,9.38,9.37,9.38,9.38,9.36,9.37,9.38,9.39,9.39,9.36,9.35,9.36,9.37,9.39,9.37,9.35,9.36,9.36,9.36,9.39,9.38,9.37,9.39,9.4,9.39,9.39,9.4,9.36,9.36,9.38,9.35,9.38,9.35,9.36,9.38,9.4,9.38,9.36,9.35,9.37,9.37,9.36,9.38,9.37,9.37,9.35,9.36,9.4,9.36,9.37,9.35,9.38,9.36,9.37,9.4,9.38,9.39,9.37,9.39,9.39,9.37,9.39,9.37,9.38,9.38,9.35,9.38,9.38,9.36,9.36,9.37,9.37,9.37,9.38,9.36,9.39,9.38,9.38,9.4,9.38,9.37,9.39,9.37,9.36,9.37,9.38,9.4,9.4,9.33,9.4,9.37,9.37,9.38,9.39,9.37,9.39,9.38,9.38,9.38,9.36,9.35,9.36,9.37,9.38,9.38,9.38,9.36,9.38,9.39,9.36,9.37,9.4,9.39,9.45,9.29,9.4,9.35,9.37,9.37,9.38,9.35,9.37,9.37,9.4,9.37,9.38,9.4,9.36,9.4,9.36,9.4,9.37,9.36,9.36,9.36,9.44,9.27,9.62,9.18,9.31,9.36,9.38,9.39,9.4,9.36,9.38,9.39,9.35,9.35,9.39,9.37,9.35,9.36,9.39,9.39,9.36,9.37,9.35,9.35,9.38,9.39,9.38,9.4,9.4,9.36,9.35,9.32,9.46,9.36,9.42,9.35,9.4,9.36,9.38,9.36,9.39,9.4,9.38,9.39,9.39,9.38,9.39,9.38,9.4,9.4,9.37,9.4,9.35,9.37,9.38,9.39,9.38,9.36,9.36,9.47,9.41,9.4,9.25,9.4,9.3,9.39,9.4,9.37,9.34,9.38,9.36,9.36,9.4,9.35,9.37,9.38,9.39,9.4,9.39,9.4,9.39,9.37,9.38,9.37,9.39,9.37,9.38,9.37,9.41,9.37,9.42,9.4,9.44,9.3,9.3,9.3,9.44,9.43,9.37,9.32,9.35,9.4,9.4,9.4,9.39,9.39,9.36,9.35,9.39,9.37,9.4,9.37,9.35,9.37,9.38,9.41,9.39,9.37,9.37,9.37,9.37,9.36,9.37,9.37,9.36,9.36,9.44,9.44,9.29,9.36,9.35,9.41,9.39,9.4,9.38,9.38,9.4,9.37,9.38,9.35,9.4,9.39,9.35,9.4
9.37,9.39,9.38,9.39,9.39,9.37,9.38,9.39,9.37,9.35,9.36,9.36,9.36,9.37,9.37,9.4,9.37,9.37,9.38,9.37,9.38,9.37,9.35,9.38,9.39,9.35,9.36,9.4,9.39,9.38,9.37,9.38,9.36,9.36,9.36,9.36,9.4,9.37,9.38,9.38,9.39,9.36,9.39,9.38,9.35,9.37,9.39,9.38,9.35,9.36,9.37,9.37,9.35,9.39,9.36,9.39,9.37,9.37,9.39,9.35,9.36,9.37,9.37,9.39,9.39,9.39,9.38,9.38,9.37,9.37,9.39,9.4,9.36,9.38,9.38,9.39,9.37,9.37,9.4,9.35,9.39,9.42,9.4,9.38,9.34,9.35,9.38,9.39,9.37,9.38,9.37,9.37,9.38,9.39,9.38,9.37,9.38,9.37,9.36,9.37,9.37,9.39,9.36,9.37,9.37,9.37,9.38,9.37,9.37,9.4,9.39,9.39,9.38,9.4,9.39,9.37,9.38,9.38,9.37,9.37,9.36,9.37,9.37,9.36,9.38,9.38,9.35,9.38,9.37,9.39,9.39,9.39,9.39,9.38,9.38,9.35,9.36,9.42,9.39,9.45,9.33,9.35,9.35,9.42,9.4,9.35,9.35,9.38,9.39,9.38,9.39,9.4,9.4,9.39,9.39,9.38,9.39,9.4,9.36,9.4,9.36,9.38,9.36,9.36,9.38,9.39,9.4,9.4,9.39,9.37,9.37,9.37,9.36,9.37,9.36,9.36,9.37,9.38,9.38,9.36,9.39,9.38,9.39,9.37,9.36,9.37,9.36,9.39,9.38,9.37,9.35,9.4,9.38,9.44,9.31,9.36,9.35,9.39,9.4,9.4,9.36,9.37,9.38,9.37,9.37,9.38,9.39,9.39,9.35,9.36,9.36,9.38,9.36,9.38,9.39,9.38,9.39,9.36,9.36,9.36,9.38,9.38,9.35,9.36,9.37,9.39,9.36,9.36,9.39,9.39,9.39,9.4,9.38,9.39,9.39,9.38,9.36,9.36,9.39,9.39,9.37,9.44,9.4,9.27,9.29,9.39,9.38,9.38,9.39,9.36,9.35,9.37,9.37,9.37,9.4,9.41,9.4,9.38,9.37,9.36,9.38,9.39,9.39,9.36,9.38,9.38,9.38,9.4,9.4,9.36,9.37,9.35,9.37,9.39,9.39,9.37,9.39,9.38,9.39,9.36,9.38,9.4,9.4,9.37,9.36,9.37,9.26,9.44,9.33,9.37,9.37,9.36,9.4,9.36,9.36,9.4,9.38,9.38,9.36,9.39,9.37,9.38,9.38,9.36,9.35,9.37,9.36,9.36,9.35,9.39,9.37,9.36,9.37,9.4,9.36,9.37,9.4,9.39,9.38,9.37,9.4,9.37,9.36,9.38,9.36,9.37,9.36,9.38,9.37,9.48,9.26,9.42,9.36,9.4,9.35,9.36,9.35,9.35,9.35,9.38,9.4,9.37,9.38,9.38,9.41,9.4,9.36,9.4,9.41,9.37,9.36,9.36,9.39,9.38,9.37,9.39,9.4,9.38,9.35,9.42,9.37,9.44,9.36,9.39,9.37,9.37,9.39,9.39,9.39,9.35,9.4,9.37,9.38,9.38,9.38,9.36,9.37,9.39,9.38,9.37,9.36,9.38,9.39,9.38,9.37,9.37,9.38,9.38,9.37,9.39,9.38,9.23,9.37,9.29,9.37,9.36,9.37,9.36,9.39,9.37
9.39,9.37,9.36,9.37,9.38,9.36,9.38,9.38,9.38,9.39,9.36,9.36,9.39,9.38,9.39,9.37,9.38,9.36,9.37,9.37,9.35,9.35,9.38,9.38,9.4,9.39,9.38,9.38,9.35,9.36,9.4,9.38,9.38,9.38,9.38,9.37,9.36,9.37,9.4,9.38,9.38,9.39,9.38,9.38,9.39,9.38,9.36,9.38,9.4,9.37,9.36,9.38,9.39,9.39,9.36,9.35,9.39,9.37,9.37,9.36,9.37,9.38,9.36,9.39,9.37,9.36,9.38,9.38,9.39,9.37,9.37,9.36,9.37,9.37,9.36,9.37,9.38,9.35,9.37,9.36,9.37,9.37,9.39,9.38,9.39,9.36,9.38,9.38,9.39,9.37,9.4,9.4,9.4,9.39,9.37,9.35,9.36,9.36,9.36,9.36,9.35,9.38,9.36,9.38,9.39,9.36,9.35,9.38,9.39,9.38,9.36,9.37,9.35,9.38,9.39,9.38,9.37,9.38,9.38,9.37,9.38,9.38,9.37,9.37,9.36,9.38,9.39,9.39,9.37,9.37,9.39,9.35,9.4,9.37,9.39,9.38,9.41,9.37,9.39,9.39,9.37,9.35,9.36,9.35,9.37,9.36,9.37,9.35,9.35,9.35,9.39,9.37,9.38,9.35,9.37,9.39,9.36,9.38,9.39,9.39,9.38,9.4,9.37,9.37,9.36,9.36,9.35,9.38,9.39,9.4,9.38,9.38,9.38,9.36,9.38,9.38,9.38,9.37,9.39,9.37,9.38,9.36,9.37,9.38,9.37,9.41,9.4,9.38,9.36,9.38,9.36,9.37,9.39,9.37,9.37,9.39,9.43,9.36,9.41,9.36,9.36,9.38,9.39,9.38,9.38,9.4,9.39,9.37,9.38,9.35,9.33,9.34,9.38,9.37,9.37,9.36,9.36,9.37,9.36,9.38,9.4,9.39,9.38,9.39,9.41,9.4,9.34,9.42,9.38,9.36,9.38,9.38,9.38,9.39,9.4,9.39,9.41,9.41,9.37,9.35,9.37,9.37,9.38,9.38,9.39,9.39,9.39,9.39,9.5,9.35,9.46,9.38,9.37,9.34,9.35,9.38,9.37,9.4,9.38,9.37,9.34,9.35,9.36,9.36,9.37,9.37,9.38,9.39,9.36,9.38,9.38,9.37,9.38,9.39,9.38,9.4,9.41,9.37,9.36,9.4,9.94,9.46,9.29,9.51,9.34,9.36,9.33,9.39,9.41,9.35,9.36,9.38,9.4,9.37,9.4,9.37,9.38,9.38,9.4,9.39,9.4,9.37,9.37,9.39,9.39,9.39,9.35,9.35,9.36,9.41,9.39,9.39,9.37,9.65,8.98,9.42,9.29,9.46,9.3,9.32,9.35,9.39,9.32,9.33,9.4,9.37,9.36,9.39,9.39,9.39,9.39,9.41,9.39,9.4,9.39,9.41,9.39,9.39,9.39,9.37,9.35,9.36,9.37,9.36,9.39,9.36,9.39,9.38,9.41,9.36,9.46,9.44,9.46,9.34,9.4,9.33,9.34,9.4,9.4,9.33,9.37,9.39,9.39,9.39,9.4,9.38,9.38,9.4,9.39,9.38,9.4,9.39,9.37,9.34,9.38,9.39,9.38,9.37,9.38,9.37,9.38,9.38,9.36,9.36,9.38,9.39,9.39,9.38,9.38,9.39,9.38,9.38,9.36,9.37,9.37,9.36,9.4,9.39,9.37,9.34
9.4,9.39,9.38,9.38,9.36,9.35,9.38,9.36,9.36,9.38,9.39,9.37,9.38,9.35,9.37,9.37,9.37,9.39,9.39,9.38,9.36,9.38,9.38,9.36,9.38,9.36,9.38,9.38,9.37,9.36,9.39,9.36,9.42,9.36,9.35,9.33,9.32,9.41,9.4,9.37,9.37,9.39,9.39,9.36,9.36,9.39,9.4,9.36,9.37,9.36,9.36,9.4,9.39,9.37,9.38,9.37,9.36,9.34,9.36,9.36,9.38,9.4,9.38,9.38,9.37,9.36,9.36,9.4,9.39,9.38,9.37,9.39,9.39,9.39,9.35,9.36,9.38,9.39,9.37,9.37,9.39,9.38,9.36,9.36,9.38,9.38,9.4,9.38,9.36,9.37,9.39,9.38,9.37,9.36,9.36,9.38,9.41,9.38,9.39,9.38,9.36,9.38,9.35,9.38,9.37,9.36,9.36,9.37,9.37,9.38,9.36,9.38,9.36,9.35,9.39,9.37,9.37,9.36,9.35,9.36,9.36,9.35,9.37,9.37,9.35,9.37,9.39,9.39,9.39,9.36,9.36,9.4,9.38,9.38,9.4,9.37,9.37,9.36,9.36,9.36,9.36,9.34,9.36,9.37,9.35,9.35,9.47,9.37,9.38,9.34,9.36,9.36,9.37,9.36,9.39,9.37,9.38,9.37,9.39,9.39,9.38,9.39,9.4,9.37,9.35,9.38,9.37,9.38,9.38,9.37,9.36,9.36,9.36,9.36,9.39,9.38,9.4,9.39,9.4,9.39,9.38,9.39,9.39,9.37,9.39,9.38,9.4,9.4,9.39,9.38,9.37,9.38,9.39,9.39,9.38,9.32,9.42,9.55,9.29,9.33,9.34,9.35,9.37,9.4,9.36,9.38,9.35,9.37,9.36,9.4,9.4,9.4,9.37,9.36,9.36,9.38,9.37,9.39,9.29,9.46,9.32,9.4,9.38,9.39,9.4,9.35,9.35,9.36,9.35,9.37,9.36,9.36,9.36,9.37,9.37,9.36,9.4,9.4,9.43,9.3,9.5,9.33,9.41,9.37,9.35,9.4,9.41,9.38,9.35,9.36,9.39,9.36,9.4,9.35,9.36,9.37,9.37,9.37,9.38,9.36,9.38,9.38,9.38,9.36,9.39,9.36,9.38,9.35,9.37,9.38,9.3,9.47,9.55,9.24,9.36,9.4,9.41,9.4,9.36,9.39,9.36,9.38,9.37,9.4,9.39,9.37,9.36,9.39,9.36,9.36,9.4,9.36,9.37,9.38,9.38,9.38,9.35,9.38,9.37,9.39,9.39,9.38,9.39,9.39,9.29,9.42,9.46,9.22,9.41,9.34,9.39,9.37,9.36,9.39,9.37,9.37,9.35,9.35,9.35,9.37,9.37,9.37,9.37,9.39,9.37,9.38,9.38,9.39,9.39,9.39,9.4,9.38,9.39,9.39,9.38,9.37,9.38,9.35,9.35,9.35,9.37,9.37,9.38,9.39,9.39,9.37,9.38,9.38,9.37,9.39,9.37,9.36,9.39,9.35,9.36,9.37,9.36,9.39,9.37,9.35,9.38,9.37,9.38,9.38,9.36,9.37,9.38,9.38,9.36,9.36,9.35,9.37,9.37,9.35,9.35,9.4,9.41,9.39,9.37,9.39,9.37,9.4,9.38,9.36,9.35,9.39,9.39,9.38,9.35,9.36,9.36,9.38,9.36,9.37,9.36,9.37,9.37,9.4,9.4,9.36
9.38,9.39,9.39,9.38,9.35,9.4,9.37,9.37,9.37,9.39,9.4,9.38,9.38,9.4,9.37,9.37,9.35,9.36,9.37,9.38,9.38,9.38,9.36,9.4,9.38,9.36,9.35,9.36,9.38,9.39,9.4,9.4,9.39,9.4,9.37,9.39,9.38,9.38,9.37,9.38,9.4,9.36,9.35,9.38,9.39,9.38,9.36,9.38,9.36,9.37,9.37,9.38,9.36,9.38,9.39,9.41,9.39,9.37,9.35,9.4,9.4,9.38,9.36,9.35,9.37,9.38,9.39,9.36,9.37,9.37,9.39,9.36,9.39,9.37,9.36,9.37,9.39,9.39,9.37,9.35,9.38,9.38,9.37,9.36,9.37,9.38,9.37,9.37,9.38,9.4,9.4,9.39,9.37,9.37,9.35,9.35,9.39,9.37,9.41,9.39,9.36,9.37,9.39,9.37,9.37,9.4,9.38,9.35,9.38,9.37,9.37,9.36,9.4,9.37,9.38,9.38,9.38,9.4,9.4,9.37,9.38,9.37,9.39,9.37,9.4,9.36,9.36,9.4,9.36,9.37,9.36,9.37,9.34,9.35,9.35,9.37,9.38,9.36,9.38,9.38,9.42,9.36,9.39,9.4,9.38,9.35,9.39,9.38,9.38,9.37,9.37,9.35,9.37,9.39,9.38,9.37,9.38,9.37,9.4,9.39,9.4,9.38,9.38,9.35,9.35,9.37,9.39,9.39,9.38,9.36,9.37,9.38,9.35,9.38,9.37,9.38,9.4,9.38,9.37,9.36,9.38,9.36,9.39,9.37,9.4,9.38,9.6,9.3,9.41,9.35,9.36,9.39,9.35,9.35,9.39,9.36,9.37,9.38,9.38,9.4,9.37,9.36,9.36,9.37,9.38,9.37,9.37,9.37,9.35,9.35,9.36,9.26,9.4,9.41,9.41,9.37,9.36,9.38,9.39,9.37,9.38,9.38,9.39,9.4,9.36,9.39,9.35,9.39,9.37,9.39,9.38,9.4,9.37,9.39,9.38,9.46,9.35,9.33,9.4,9.39,9.36,9.38,9.38,9.38,9.4,9.36,9.38,9.38,9.36,9.39,9.39,9.38,9.37,9.38,9.37,9.39,9.38,9.38,9.37,9.35,9.39,9.39,9.38,9.39,9.36,9.25,9.48,9.35,9.44,9.35,9.4,9.36,9.39,9.38,9.36,9.39,9.37,9.38,9.38,9.37,9.36,9.36,9.35,9.37,9.36,9.36,9.38,9.37,9.36,9.37,9.36,9.4,9.39,9.4,9.39,9.45,9.12,9.56,9.22,9.44,9.27,9.44,9.39,9.38,9.34,9.38,9.37,9.38,9.4,9.38,9.36,9.37,9.37,9.4,9.38,9.38,9.38,9.37,9.38,9.37,9.38,9.39,9.36,9.36,9.38,9.38,9.39,9.39,9.4,9.35,9.29,9.46,9.52,9.27,9.3,9.35,9.41,9.4,9.39,9.35,9.37,9.36,9.37,9.37,9.37,9.36,9.4,9.4,9.4,9.4,9.37,9.39,9.35,9.35,9.39,9.4,9.39,9.37,9.39,9.37,9.37,9.37,9.4,9.36,9.37,9.37,9.38,9.39,9.38,9.39,9.37,9.37,9.37,9.37,9.36,9.39,9.4,9.37,9.39,9.36,9.43,9.35,9.39,9.32,9.38,9.4,9.41,9.39,9.37,9.37,9.39,9.39,9.38,9.39,9.37,9.38,9.37,9.37,9.37,9.36
9.37,9.35,9.37,9.36,9.37,9.37,9.37,9.41,9.41,9.35,9.36,9.4,9.39,9.38,9.37,9.38,9.38,9.39,9.37,9.37,9.37,9.35,9.36,9.39,9.37,9.35,9.37,9.36,9.38,9.39,9.36,9.39,9.36,9.39,9.39,9.39,9.39,9.41,9.38,9.37,9.38,9.38,9.35,9.36,9.37,9.38,9.38,9.38,9.36,9.36,9.39,9.37,9.4,9.39,9.37,9.37,9.36,9.37,9.39,9.39,9.36,9.38,9.37,9.38,9.38,9.36,9.37,9.37,9.39,9.37,9.39,9.38,9.37,9.37,9.39,9.36,9.4,9.36,9.35,9.38,9.37,9.38,9.36,9.39,9.37,9.41,9.39,9.38,9.37,9.39,9.37,9.36,9.38,9.37,9.37,9.39,9.36,9.37,9.38,9.38,9.39,9.39,9.37,9.38,9.37,9.39,9.37,9.38,9.39,9.39,9.36,9.39,9.39,9.37,9.38,9.39,9.38,9.38,9.4,9.39,9.41,9.39,9.36,9.36,9.37,9.35,9.37,9.38,9.39,9.38,9.38,9.38,9.38,9.36,9.36,9.38,9.37,9.37,9.37,9.35,9.37,9.38,9.39,9.4,9.36,9.39,9.37,9.38,9.38,9.36,9.37,9.37,9.37,9.38,9.37,9.39,9.38,9.38,9.41,9.39,9.37,9.33,9.37,9.38,9.38,9.39,9.35,9.38,9.35,9.38,9.4,9.41,9.41,9.36,9.38,9.39,9.39,9.36,9.38,9.4,9.37,9.35,9.37,9.39,9.38,9.39,9.41,9.39,9.38,9.37,9.36,9.35,9.35,9.36,9.37,9.4,9.38,9.38,9.36,9.35,9.38,9.35,9.39,9.4,9.38,9.39,9.36,9.39,9.38,9.37,9.47,9.45,9.33,9.28,9.4,9.34,9.38,9.41,9.4,9.35,9.38,9.37,9.39,9.37,9.39,9.36,9.36,9.35,9.39,9.38,9.39,9.37,9.37,9.37,9.38,9.38,9.38,9.37,9.35,9.41,9.36,9.38,9.36,9.38,9.38,9.37,9.39,9.37,9.39,9.37,9.39,9.38,9.4,9.36,9.35,9.46,9.52,9.35,9.37,9.43,9.38,9.37,9.35,9.39,9.38,9.41,9.35,9.38,9.39,9.37,9.41,9.38,9.37,9.38,9.37,9.37,9.39,9.36,9.35,9.38,9.37,9.37,9.39,9.37,9.38,9.38,9.38,9.37,9.21,9.57,9.62,9.3,9.41,9.41,9.42,9.36,9.41,9.39,9.35,9.37,9.39,9.38,9.37,9.36,9.38,9.41,9.38,9.35,9.37,9.39,9.38,9.39,9.38,9.39,9.38,9.38,9.4,9.37,9.37,9.37,9.35,9.36,9.41,9.28,9.46,9.4,9.28,9.38,9.36,9.41,9.36,9.41,9.37,9.38,9.38,9.37,9.37,9.4,9.39,9.37,9.39,9.36,9.41,9.38,9.39,9.38,9.38,9.39,9.35,9.37,9.38,9.39,9.35,9.39,9.37,9.38,9.39,9.38,9.36,9.38,9.39,9.37,9.38,9.38,9.36,9.35,9.34,9.39,9.36,9.37,9.37,9.41,9.38,9.36,9.35,9.37,9.37,9.39,9.37,9.36,9.36,9.39,9.37,9.35,9.38,9.39,9.39,9.36,9.37,9.36,9.38,9.36,9.37,9.38,9.35,9.39,9.39,9.4,9.4,9.38
9.39,9.38,9.38,9.38,9.39,9.36,9.39,9.37,9.37,9.39,9.37,9.38,9.38,9.37,9.4,9.39,9.36,9.35,9.37,9.38,9.38,9.38,9.4,9.39,9.35,9.38,9.37,9.36,9.37,9.38,9.38,9.38,9.37,9.37,9.37,9.37,9.37,9.37,9.38,9.39,9.37,9.39,9.41,9.41,9.39,9.36,9.36,9.37,9.36,9.36,9.38,9.39,9.38,9.4,9.36,9.38,9.39,9.39,9.37,9.38,9.4,9.4,9.37,9.38,9.36,9.35,9.37,9.36,9.38,9.4,9.38,9.38,9.39,9.38,9.38,9.37,9.38,9.38,9.38,9.37,9.36,9.37,9.38,9.37,9.39,9.39,9.36,9.35,9.36,9.36,9.38,9.39,9.41,9.38,9.37,9.36,9.39,9.39,9.37,9.35,9.36,9.36,9.36,9.35,9.38,9.39,9.39,9.39,9.37,9.39,9.39,9.38,9.35,9.39,9.37,9.37,9.35,9.36,9.37,9.37,9.37,9.38,9.39,9.36,9.39,9.4,9.37,9.37,9.37,9.37,9.36,9.37,9.35,9.36,9.41,9.35,9.36,9.38,9.38,9.36,9.36,9.36,9.38,9.38,9.4,9.38,9.39,9.4,9.38,9.36,9.37,9.37,9.4,9.4,9.38,9.37,9.38,9.35,9.4,9.38,9.38,9.41,9.38,9.4,9.38,9.4,9.39,9.37,9.36,9.38,9.38,9.38,9.36,9.39,9.38,9.39,9.38,9.4,9.39,9.39,9.36,9.38,9.39,9.38,9.38,9.4,9.39,9.37,9.35,9.37,9.39,9.37,9.37,9.35,9.35,9.35,9.38,9.35,9.39,9.39,9.37,9.36,9.39,9.41,9.4,9.38,9.37,9.36,9.38,9.38,9.36,9.36,9.4,9.37,9.4,9.37,9.36,9.37,9.39,9.37,9.37,9.37,9.36,9.39,9.37,9.39,9.39,9.38,9.36,9.36,9.38,9.38,9.38,9.37,9.38,9.37,9.38,9.38,9.39,9.37,9.37,9.38,9.37,9.39,9.4,9.36,9.49,9.24,9.35,9.34,9.37,9.35,9.38,9.39,9.38,9.35,9.36,9.36,9.35,9.36,9.36,9.36,9.36,9.39,9.39,9.36,9.39,9.39,9.35,9.4,9.37,9.4,9.37,9.39,9.41,9.39,9.39,9.38,9.43,9.37,9.41,9.38,9.39,9.38,9.38,9.37,9.41,9.36,9.36,9.37,9.38,9.37,9.37,9.35,9.38,9.38,9.38,9.39,9.4,9.39,9.39,9.38,9.38,9.36,9.38,9.38,9.39,9.36,9.37,9.59,9.14,9.47,9.28,9.44,9.35,9.35,9.36,9.41,9.37,9.35,9.38,9.38,9.37,9.41,9.39,9.39,9.39,9.39,9.39,9.38,9.38,9.4,9.39,9.38,9.38,9.38,9.36,9.38,9.38,9.38,9.39,9.38,9.39,9.39,9.37,9.36,9.43,9.4,9.38,9.39,9.37,9.35,9.3,9.39,9.42,9.36,9.36,9.41,9.38,9.4,9.39,9.38,9.4,9.39,9.37,9.4,9.4,9.37,9.35,9.35,9.39,9.4,9.41,9.39,9.37,9.39,9.39,9.39,9.38,9.37,9.36,9.39,9.37,9.39,9.38,9.39,9.35,9.37,9.37,9.37,9.43,9.32,9.46,9.31,9.36,9.34,9.41,9.39,9.39,9.36
9.37,9.4,9.39,9.36,9.38,9.39,9.38,9.38,9.39,9.38,9.38,9.38,9.38,9.39,9.36,9.39,9.37,9.38,9.39,9.39,9.39,9.4,9.41,9.39,9.37,9.36,9.38,9.39,9.39,9.36,9.35,9.37,9.39,9.37,9.43,9.35,9.37,9.32,9.35,9.41,9.41,9.37,9.36,9.37,9.37,9.38,9.38,9.4,9.37,9.39,9.36,9.42,9.39,9.37,9.38,9.37,9.39,9.4,9.39,9.41,9.35,9.38,9.36,9.37,9.37,9.37,9.39,9.36,9.35,9.37,9.39,9.38,9.39,9.38,9.37,9.38,9.37,9.39,9.38,9.38,9.35,9.39,9.36,9.35,9.36,9.37,9.38,9.38,9.38,9.35,9.36,9.37,9.38,9.38,9.37,9.35,9.37,9.39,9.38,9.38,9.36,9.36,9.38,9.37,9.36,9.38,9.39,9.37,9.38,9.39,9.37,9.38,9.4,9.38,9.38,9.38,9.39,9.4,9.37,9.37,9.38,9.39,9.39,9.38,9.37,9.38,9.37,9.38,9.37,9.37,9.38,9.38,9.4,9.38,9.37,9.37,9.37,9.4,9.37,9.39,9.36,9.38,9.39,9.37,9.39,9.36,9.37,9.36,9.39,9.42,9.39,9.34,9.29,9.35,9.41,9.38,9.39,9.38,9.35,9.37,9.39,9.41,9.41,9.38,9.38,9.37,9.38,9.4,9.36,9.37,9.35,9.39,9.4,9.41,9.37,9.38,9.38,9.4,9.4,9.37,9.39,9.38,9.37,9.39,9.39,9.36,9.41,9.39,9.38,9.37,9.39,9.38,9.38,9.39,9.38,9.38,9.36,9.38,9.35,9.36,9.49,9.46,9.36,9.27,9.39,9.28,9.35,9.38,9.36,9.35,9.41,9.38,9.39,9.4,9.39,9.37,9.39,9.4,9.38,9.37,9.41,9.41,9.39,9.4,9.38,9.38,9.41,9.41,9.38,9.39,9.36,9.37,9.39,9.36,9.38,9.37,9.36,9.36,9.39,9.37,9.38,9.38,9.37,9.39,9.4,9.38,9.35,9.38,9.34,8.85,9.29,9.37,9.41,9.41,9.33,9.38,9.35,9.39,9.36,9.39,9.38,9.38,9.37,9.41,9.36,9.36,9.37,9.39,9.39,9.4,9.38,9.37,9.38,9.4,9.39,9.39,9.37,9.38,9.35,9.36,9.37,9.37,9.36,9.42,9.55,9.47,9.24,9.38,9.37,9.39,9.35,9.39,9.39,9.37,9.36,9.36,9.36,9.36,9.4,9.37,9.4,9.38,9.4,9.38,9.36,9.38,9.4,9.37,9.37,9.36,9.41,9.38,9.38,9.37,9.37,9.39,9.4,9.38,9.38,9.36,9.38,9.32,9.4,9.44,9.27,9.42,9.37,9.38,9.37,9.4,9.37,9.39,9.35,9.4,9.37,9.37,9.36,9.39,9.35,9.37,9.36,9.36,9.39,9.39,9.39,9.39,9.38,9.38,9.36,9.39,9.39,9.37,9.4,9.38,9.35,9.37,9.37,9.36,9.37,9.37,9.4,9.35,9.37,9.36,9.38,9.41,9.38,9.39,9.38,9.38,9.38,9.37,9.39,9.4,9.37,9.35,9.38,9.37,9.4,9.39,9.39,9.38,9.39,9.36,9.38,9.39,9.38,9.38,9.38,9.36,9.39,9.38,9.39,9.39,9.4,9.37,9.38,9.4,9.38,9.39
9.35,9.4,9.38,9.4,9.37,9.37,9.35,9.36,9.38,9.39,9.35,9.36,9.37,9.37,9.36,9.39,9.39,9.4,9.38,9.38,9.38,9.37,9.4,9.37,9.37,9.39,9.38,9.37,9.36,9.39,9.35,9.38,9.38,9.38,9.4,9.39,9.39,9.36,9.37,9.37,9.36,9.39,9.4,9.38,9.36,9.39,9.38,9.37,9.38,9.39,9.38,9.35,9.35,9.36,9.38,9.36,9.35,9.37,9.36,9.38,9.37,9.36,9.37,9.39,9.38,9.36,9.38,9.38,9.37,9.37,9.35,9.39,9.38,9.39,9.39,9.35,9.35,9.38,9.37,9.39,9.36,9.39,9.4,9.36,9.37,9.39,9.36,9.39,9.37,9.36,9.38,9.39,9.36,9.4,9.39,9.37,9.36,9.39,9.38,9.38,9.38,9.39,9.37,9.38,9.39,9.38,9.37,9.41,9.37,9.38,9.39,9.37,9.38,9.37,9.36,9.37,9.38,9.41,9.38,9.36,9.38,9.37,9.4,9.38,9.4,9.39,9.39,9.37,9.35,9.36,9.39,9.39,9.39,9.39,9.39,9.39,9.38,9.37,9.39,9.37,9.37,9.37,9.36,9.39,9.39,9.39,9.36,9.38,9.37,9.38,9.36,9.38,9.36,9.39,9.36,9.4,9.39,9.37,9.36,9.38,9.39,9.31,9.41,9.36,9.4,9.37,9.37,9.37,9.36,9.38,9.35,9.35,9.38,9.35,9.36,9.38,9.35,9.39,9.37,9.4,9.39,9.38,9.36,9.39,9.39,9.39,9.39,9.36,9.36,9.38,9.37,9.37,9.38,9.39,9.36,9.39,9.37,9.38,9.4,9.39,9.38,9.38,9.39,9.39,9.41,9.44,9.43,9.34,9.41,9.4,9.39,9.37,9.38,9.38,9.36,9.38,9.39,9.39,9.37,9.39,9.39,9.37,9.37,9.38,9.37,9.36,9.37,9.37,9.35,9.44,9.4,9.38,9.38,9.36,9.4,9.4,9.37,9.38,9.38,9.38,9.39,9.4,9.39,9.35,9.38,9.38,9.37,9.39,9.38,9.39,9.37,9.38,9.38,9.93,9.03,9.44,9.15,9.45,9.28,9.38,9.35,9.39,9.37,9.34,9.38,9.38,9.36,9.38,9.38,9.36,9.35,9.38,9.39,9.38,9.37,9.39,9.36,9.37,9.4,9.39,9.39,9.39,9.39,9.38,9.24,9.58,9.23,9.42,9.27,9.42,9.38,9.44,9.33,9.36,9.36,9.38,9.38,9.39,9.39,9.35,9.36,9.39,9.39,9.36,9.38,9.36,9.35,9.39,9.37,9.37,9.38,9.38,9.37,9.37,9.38,9.39,9.36,9.34,9.41,9.52,9.35,9.34,9.31,9.41,9.41,9.37,9.35,9.36,9.4,9.36,9.38,9.41,9.39,9.38,9.38,9.39,9.39,9.37,9.41,9.39,9.37,9.35,9.37,9.38,9.39,9.37,9.4,9.38,9.39,9.37,9.39,9.39,9.35,9.42,9.42,9.34,9.34,9.35,9.4,9.38,9.39,9.39,9.36,9.38,9.4,9.38,9.37,9.4,9.38,9.4,9.39,9.41,9.4,9.39,9.37,9.37,9.39,9.41,9.39,9.36,9.37,9.38,9.37,9.38,9.38,9.38,9.37,9.38,9.37,9.36,9.36,9.38,9.38,9.37,9.38,9.35,9.4,9.39,9.39,9.39
9.38,9.37,9.37,9.37,9.38,9.38,9.37,9.38,9.36,9.36,9.39,9.38,9.37,9.38,9.39,9.35,9.37,9.36,9.39,9.37,9.39,9.39,9.38,9.39,9.36,9.38,9.4,9.39,9.37,9.37,9.36,9.36,9.38,9.38,9.38,9.41,9.39,9.39,9.37,9.39,9.39,9.39,9.38,9.37,9.38,9.37,9.35,9.35,9.38,9.36,9.36,9.37,9.39,9.4,9.37,9.37,9.35,9.4,9.35,9.34,9.38,9.38,9.37,9.37,9.37,9.36,9.39,9.36,9.35,9.36,9.36,9.38,9.38,9.38,9.4,9.4,9.38,9.38,9.36,9.41,9.35,9.44,9.34,9.33,9.36,9.39,9.39,9.36,9.38,9.38,9.4,9.37,9.37,9.38,9.41,9.41,9.37,9.39,9.38,9.38,9.37,9.37,9.37,9.36,9.38,9.38,9.36,9.39,9.39,9.38,9.36,9.39,9.38,9.38,9.39,9.36,9.37,9.4,9.35,9.39,9.37,9.35,9.36,9.4,9.39,9.4,9.41,9.35,9.35,9.38,9.35,9.39,9.39,9.37,9.37,9.39,9.36,9.38,9.36,9.37,9.37,9.38,9.36,9.37,9.35,9.38,9.38,9.39,9.41,9.37,9.37,9.38,9.39,9.39,9.39,9.39,9.38,9.38,9.41,9.36,9.37,9.39,9.38,9.37,9.39,9.39,9.38,9.4,9.36,9.39,9.41,9.46,9.49,9.34,9.23,9.35,9.38,9.36,9.36,9.37,9.35,9.36,9.38,9.37,9.39,9.41,9.4,9.39,9.41,9.39,9.35,9.36,9.39,9.36,9.39,9.38,9.39,9.39,9.38,9.36,9.36,9.39,9.36,9.41,9.38,9.37,9.36,9.4,9.39,9.38,9.36,9.4,9.37,9.35,9.49,9.35,9.4,9.4,9.39,9.35,9.37,9.39,9.39,9.39,9.38,9.38,9.39,9.4,9.37,9.38,9.39,9.37,9.35,9.39,9.36,9.35,9.41,9.37,9.39,9.35,9.36,9.39,9.38,9.35,9.38,9.37,9.38,9.38,9.39,9.38,9.36,9.37,9.41,9.38,9.41,9.41,10.32,9.39,9.41,9.41,9.39,9.41,9.37,9.37,9.39,9.38,9.35,9.36,9.37,9.37,9.39,9.38,9.35,9.36,9.41,9.39,9.36,9.35,9.36,9.35,9.37,9.38,9.39,9.37,9.39,9.38,9.39,9.37,9.36,9.37,9.36,9.39,9.38,9.37,9.38,9.37,9.37,9.39,9.36,9.37,9.4,9.38,9.39,9.39,9.37,9.37,9.38,9.36,9.37,9.39,9.38,9.37,9.36,9.35,9.39,9.37,9.38,9.37,9.39,9.38,9.41,9.39,9.39,9.39,9.37,9.4,9.37,9.41,9.4,9.41,9.35,9.38,9.35,9.39,9.36,9.36,9.4,9.37,9.38,9.39,9.37,9.39,9.39,9.39,9.38,9.39,9.37,9.39,9.36,9.37,9.37,9.38,9.37,9.37,9.37,9.39,9.36,9.38,9.37,9.37,9.37,9.38,9.38,9.39,9.37,9.37,9.38,9.39,9.38,9.41,9.36,9.36,9.38,9.36,9.38,9.39,9.38,9.38,9.36,9.36,9.38,9.38,9.38,9.38,9.36,9.35,9.36,9.37,9.38,9.38,9.37,9.4,9.39,9.38,9.38,9.36,9.36,9.37,9.37,9.35
9.35,9.37,9.41,9.37,9.41,9.38,9.39,9.35,9.39,9.37,9.38,9.38,9.38,9.39,9.41,9.38,9.39,9.36,9.38,9.39,9.37,9.39,9.37,9.39,9.37,9.39,9.39,9.39,9.4,9.38,9.38,9.37,9.4,9.36,9.39,9.35,9.39,9.39,9.37,9.39,9.36,9.36,9.35,9.36,9.4,9.4,9.38,9.41,9.4,9.38,9.36,9.37,9.36,9.37,9.38,9.36,9.36,9.37,9.37,9.38,9.4,9.38,9.38,9.38,9.38,9.36,9.37,9.4,9.39,9.39,9.37,9.39,9.39,9.36,9.35,9.37,9.36,9.38,9.38,9.38,9.37,9.36,9.38,9.36,9.36,9.36,9.39,9.38,9.38,9.37,9.36,9.34,9.39,9.36,9.36,9.37,9.37,9.4,9.38,9.39,9.4,9.38,9.37,9.4,9.4,9.36,9.36,9.38,9.39,9.37,9.37,9.37,9.39,9.4,9.37,9.38,9.38,9.39,9.37,9.39,9.37,9.38,9.39,9.38,9.36,9.35,9.4,9.41,9.36,9.36,9.37,9.38,9.38,9.36,9.41,9.4,9.36,9.4,9.39,9.39,9.39,9.38,9.37,9.37,9.37,9.38,9.4,9.4,9.35,9.39,9.4,9.38,9.38,9.35,9.37,9.35,9.39,9.37,9.4,9.36,9.38,9.38,9.37,9.38,9.38,9.36,9.37,9.37,9.36,9.37,9.37,9.38,9.4,9.38,9.36,9.36,9.38,9.38,9.4,9.37,9.36,9.39,9.39,9.39,9.36,9.38,9.36,9.43,9.43,9.33,9.4,9.37,9.37,9.38,9.39,9.43,9.39,9.39,9.41,9.4,9.41,9.37,9.38,9.35,9.4,9.38,9.36,9.38,9.35,9.39,9.37,9.37,9.37,9.4,9.36,9.36,9.35,9.39,9.38,9.38,9.35,9.4,9.36,9.38,9.38,9.38,9.39,9.38,9.41,9.39,9.39,9.39,9.39,9.39,9.41,9.36,9.73,9.24,9.29,9.35,9.42,9.41,9.37,9.35,9.39,9.39,9.36,9.38,9.37,9.38,9.37,9.39,9.35,9.37,9.38,9.38,9.38,9.36,9.35,9.37,9.35,9.38,9.39,9.4,9.4,9.39,9.36,9.39,9.41,9.29,9.46,9.35,9.39,9.35,9.35,9.4,9.4,9.36,9.37,9.36,9.4,9.39,9.41,9.36,9.37,9.39,9.39,9.37,9.36,9.37,9.37,9.37,9.4,9.37,9.39,9.37,9.39,9.4,9.36,9.38,9.35,9.54,9.12,9.58,9.22,9.47,9.31,9.36,9.35,9.4,9.34,9.36,9.36,9.39,9.35,9.38,9.38,9.35,9.38,9.39,9.38,9.39,9.39,9.36,9.37,9.38,9.35,9.39,9.36,9.38,9.38,9.37,9.37,9.36,9.35,9.39,9.38,9.41,9.42,9.38,9.41,9.34,9.32,9.36,9.43,9.4,9.36,9.37,9.35,9.36,9.41,9.41,9.39,9.36,9.39,9.39,9.41,9.39,9.39,9.37,9.35,9.37,9.4,9.39,9.41,9.38,9.38,9.37,9.38,9.38,9.38,9.38,9.38,9.35,9.36,9.37,9.38,9.36,9.37,9.38,9.4,9.37,9.36,9.39,9.32,9.46,9.36,9.4,9.34,9.33,9.4,9.43,9.41,9.41,9.36,9.37,9.4,9.39,9.38,9.37
9.37,9.39,9.36,9.36,9.38,9.39,9.38,9.37,9.39,9.38,9.36,9.37,9.38,9.36,9.37,9.35,9.36,9.38,9.38,9.39,9.35,9.4,9.37,9.35,9.35,9.36,9.37,9.37,9.35,9.36,9.36,9.35,9.36,9.35,9.37,9.4,9.38,9.39,9.37,9.36,9.38,9.4,9.37,9.37,9.39,9.39,9.37,9.37,9.38,9.38,9.38,9.39,9.38,9.39,9.38,9.39,9.37,9.36,9.39,9.37,9.35,9.38,9.36,9.36,9.36,9.37,9.37,9.38,9.37,9.37,9.37,9.37,9.39,9.4,9.37,9.32,9.35,9.4,9.4,9.37,9.38,9.36,9.39,9.37,9.38,9.38,9.4,9.39,9.39,9.39,9.4,9.4,9.38,9.37,9.36,9.37,9.39,9.38,9.37,9.39,9.37,9.4,9.37,9.38,9.38,9.36,9.38,9.39,9.37,9.38,9.38,9.37,9.36,9.39,9.4,9.39,9.36,9.37,9.37,9.39,9.39,9.38,9.38,9.37,9.36,9.35,9.38,9.36,9.41,9.3,9.56,9.32,9.4,9.3,9.37,9.39,9.4,9.36,9.38,9.36,9.38,9.4,9.4,9.39,9.38,9.36,9.38,9.38,9.38,9.39,9.38,9.36,9.37,9.37,9.37,9.4,9.39,9.36,9.38,9.39,9.39,9.4,9.38,9.36,9.37,9.39,9.39,9.38,9.36,9.39,9.38,9.36,9.4,9.4,9.38,9.38,9.38,9.39,9.39,9.39,9.39,9.47,9.52,9.31,9.34,9.38,9.35,9.4,9.43,9.4,9.37,9.38,9.36,9.37,9.4,9.36,9.36,9.36,9.36,9.36,9.4,9.38,9.36,9.37,9.4,9.28,9.41,9.32,9.41,9.38,9.38,9.39,9.36,9.37,9.37,9.35,9.38,9.36,9.37,9.37,9.4,9.38,9.38,9.36,9.37,9.39,9.39,9.39,9.4,9.25,9.69,8.97,9.53,9.36,9.46,9.35,9.36,9.36,9.4,9.36,9.35,9.37,9.39,9.35,9.37,9.4,9.39,9.37,9.39,9.39,9.38,9.38,9.35,9.36,9.39,9.39,9.38,9.38,9.38,9.39,9.36,9.39,9.31,9.45,9.35,9.33,9.44,9.34,9.39,9.36,9.35,9.35,9.36,9.39,9.37,9.37,9.35,9.34,9.38,9.41,9.38,9.39,9.39,9.37,9.35,9.37,9.38,9.37,9.37,9.39,9.4,9.39,9.37,9.37,9.37,9.38,9.38,9.23,9.57,9.27,9.46,9.33,9.4,9.37,9.36,9.41,9.39,9.4,9.39,9.37,9.38,9.36,9.35,9.38,9.37,9.39,9.37,9.36,9.39,9.4,9.38,9.38,9.39,9.36,9.37,9.35,9.37,9.38,9.4,9.35,9.36,9.35,9.37,9.4,9.39,9.37,9.4,9.36,9.38,9.36,9.37,9.39,9.37,9.37,9.4,9.37,9.39,9.4,9.4,9.4,9.38,9.37,9.38,9.38,9.39,9.38,9.37,9.38,9.39,9.36,9.35,9.37,9.38,9.39,9.38,9.35,9.38,9.36,9.36,9.39,9.35,9.35,9.37,9.38,9.39,9.4,9.39,9.4,9.38,9.37,9.38,9.39,9.38,9.39,9.39,9.39,9.4,9.35,9.35,9.36,9.37,9.38,9.38,9.36,9.37,9.39,9.36,9.38,9.37,9.39
9.38,9.38,9.38,9.37,9.36,9.38,9.39,9.39,9.37,9.36,9.37,9.37,9.39,9.38,9.36,9.37,9.39,9.39,9.39,9.35,9.37,9.36,9.36,9.38,9.37,9.38,9.39,9.37,9.38,9.37,9.36,9.37,9.4,9.36,9.37,9.38,9.37,9.35,9.38,9.37,9.37,9.36,9.37,9.38,9.37,9.38,9.39,9.37,9.38,9.39,9.36,9.39,9.4,9.38,9.39,9.38,9.37,9.37,9.37,9.37,9.39,9.39,9.37,9.37,9.39,9.38,9.37,9.37,9.37,9.38,9.39,9.4,9.38,9.39,9.41,9.38,9.37,9.37,9.38,9.39,9.38,9.39,9.38,9.39,9.38,9.37,9.4,9.37,9.37,9.35,9.38,9.4,9.37,9.39,9.37,9.39,9.39,9.38,9.39,9.36,9.39,9.38,9.38,9.39,9.38,9.36,9.37,9.39,9.38,9.42,9.36,9.4,9.4,9.4,9.37,9.38,9.37,9.38,9.39,9.39,9.38,9.38,9.38,9.36,9.37,9.37,9.36,9.36,9.38,9.38,9.38,9.36,9.38,9.38,9.37,9.39,9.37,9.38,9.37,9.38,9.37,9.4,9.38,9.38,9.37,9.38,9.35,9.37,9.37,9.38,9.38,9.33,9.46,9.34,9.37,9.4,9.35,9.36,9.37,9.39,9.38,9.39,9.4,9.39,9.36,9.39,9.35,9.38,9.36,9.39,9.37,9.39,9.39,9.36,9.37,9.38,9.4,9.37,9.37,9.33,9.44,9.31,9.4,9.38,9.38,9.38,9.38,9.37,9.39,9.38,9.37,9.37,9.39,9.39,9.36,9.39,9.35,9.37,9.37,9.36,9.39,9.38,9.37,9.4,9.34,9.34,8.92,9.3,9.36,9.4,9.35,9.37,9.37,9.37,9.34,9.37,9.4,9.36,9.38,9.37,9.38,9.37,9.38,9.37,9.38,9.4,9.41,9.38,9.37,9.38,9.39,9.38,9.4,9.37,9.38,9.38,9.36,9.4,9.48,9.3,9.51,9.36,9.4,9.32,9.36,9.38,9.4,9.32,9.4,9.4,9.4,9.37,9.39,9.38,9.4,9.37,9.37,9.35,9.38,9.37,9.36,9.38,9.38,9.36,9.36,9.38,9.38,9.38,9.37,9.32,9.54,9.29,9.4,9.23,9.39,9.33,9.4,9.41,9.38,9.35,9.4,9.38,9.37,9.39,9.39,9.36,9.36,9.35,9.4,9.37,9.39,9.38,9.36,9.39,9.4,9.39,9.37,9.4,9.35,9.37,9.4,9.39,9.35,9.4,9.35,9.35,9.33,9.4,9.35,9.35,9.42,9.43,9.4,9.39,9.37,9.37,9.37,9.38,9.38,9.37,9.36,9.39,9.39,9.39,9.39,9.38,9.38,9.35,9.35,9.35,9.37,9.37,9.37,9.38,9.4,9.4,9.38,9.38,9.36,9.4,9.37,9.37,9.35,9.41,9.39,9.39,9.37,9.38,9.38,9.37,9.39,9.4,9.38,9.39,9.38,9.37,9.39,9.38,9.39,9.39,9.39,9.4,9.36,9.36,9.39,9.38,9.38,9.39,9.35,9.36,9.39,9.38,9.38,9.38,9.39,9.37,9.38,9.35,9.37,9.4,9.39,9.36,9.35,9.38,9.37,9.35,9.38,9.39,9.39,9.38,9.37,9.39,9.38,9.4,9.39,9.39,9.38,9.35,9.38,9.36
9.4,9.37,9.39,9.37,9.37,9.36,9.38,9.41,9.38,9.37,9.35,9.37,9.38,9.37,9.39,9.39,9.37,9.41,9.41,9.35,9.38,9.39,9.38,9.38,9.41,9.38,9.35,9.36,9.39,9.38,9.36,9.35,9.34,9.36,9.37,9.38,9.38,9.37,9.38,9.37,9.38,9.38,9.39,9.39,9.4,9.37,9.38,9.37,9.37,9.36,9.38,9.37,9.37,9.4,9.37,9.4,9.38,9.38,9.41,9.37,9.39,9.39,9.38,9.38,9.36,9.37,9.38,9.36,9.36,9.39,9.37,9.37,9.36,9.36,9.39,9.37,9.37,9.38,9.37,9.37,9.38,9.39,9.38,9.37,9.33,9.41,9.41,9.46,9.34,9.31,9.33,9.39,9.41,9.37,9.38,9.37,9.35,9.36,9.39,9.39,9.39,9.38,9.39,9.37,9.38,9.38,9.36,9.36,9.38,9.36,9.39,9.38,9.38,9.4,9.38,9.36,9.39,9.38,9.37,9.39,9.39,9.38,9.37,9.37,9.38,9.38,9.39,9.38,9.39,9.4,9.4,9.39,9.37,9.36,9.39,9.38,9.4,9.36,9.41,9.42,9.4,9.39,9.39,9.35,9.37,9.37,9.39,9.38,9.39,9.38,9.39,9.4,9.37,9.4,9.39,9.38,9.38,9.39,9.38,9.38,9.38,9.38,9.36,9.38,9.38,9.36,9.37,9.38,9.39,9.37,9.34,9.39,9.37,9.37,9.39,9.38,9.39,9.37,9.38,9.39,9.37,9.37,9.38,9.36,9.36,9.35,9.38,9.37,9.35,9.35,9.43,9.3,9.56,9.33,9.32,9.41,9.4,9.38,9.36,9.35,9.4,9.37,9.36,9.36,9.37,9.37,9.41,9.38,9.36,9.38,9.37,9.38,9.41,9.39,9.37,9.4,9.38,9.38,9.37,9.37,9.37,9.36,9.39,9.38,9.38,9.39,9.41,9.38,9.58,9.26,9.36,9.35,9.4,9.41,9.36,9.36,9.37,9.38,9.38,9.39,9.35,9.4,9.41,9.4,9.37,9.38,9.4,9.36,9.4,9.36,9.38,9.4,9.39,9.38,9.39,9.39,9.39,9.39,9.38,9.39,9.36,9.46,9.42,9.33,9.39,9.41,9.39,9.39,9.38,9.37,9.39,9.36,9.39,9.37,9.38,9.36,9.38,9.35,9.38,9.38,9.39,9.39,9.36,9.39,9.38,9.38,9.38,9.36,9.36,9.38,9.37,9.39,9.36,9.37,9.36,9.38,9.4,9.41,9.38,9.37,9.36,9.38,9.37,9.37,9.36,9.38,9.37,9.38,9.39,9.37,9.39,9.38,9.38,9.37,9.37,9.41,9.4,9.37,9.4,9.39,9.36,9.37,9.36,9.39,9.41,9.39,9.39,9.39,9.37,9.38,9.35,9.38,9.36,9.36,9.36,9.38,9.39,9.38,9.37,9.38,9.38,9.38,9.38,9.39,9.35,9.39,9.4,9.39,9.39,9.4,9.37,9.38,9.42,9.39,9.4,9.36,9.4,9.39,9.4,9.38,9.37,9.37,9.37,9.36,9.38,9.4,9.38,9.41,9.39,9.36,9.36,9.39,9.38,9.38,9.41,9.37,9.38,9.38,9.38,9.36,9.38,9.35,9.38,9.36,9.36,9.37,9.4,9.37,9.36,9.39,9.39,9.37,9.39,9.38,9.36,9.39,9.38,9.41,9.38,9.38
9.38,9.38,9.39,9.4,9.4,9.38,9.36,9.38,9.38,9.36,9.38,9.39,9.36,9.37,9.35,9.38,9.37,9.39,9.4,9.38,9.38,9.37,9.37,9.39,9.4,9.38,9.4,9.37,9.39,9.36,9.35,9.39,9.37,9.4,9.4,9.37,9.38,9.36,9.38,9.39,9.37,9.38,9.38,9.4,9.37,9.36,9.38,9.39,9.38,9.37,9.37,9.36,9.41,9.39,9.39,9.4,9.37,9.39,9.38,9.36,9.38,9.39,9.37,9.38,9.39,9.39,9.35,9.37,9.41,9.35,9.38,9.37,9.37,9.37,9.36,9.38,9.4,9.38,9.38,9.38,9.37,9.36,9.37,9.37,9.36,9.39,9.39,9.39,9.39,9.37,9.4,9.4,9.37,9.39,9.37,9.37,9.38,9.37,9.36,9.38,9.38,9.37,9.38,9.37,9.39,9.37,9.37,9.39,9.37,9.37,9.37,9.39,9.41,9.38,9.36,9.39,9.38,9.35,9.43,9.35,9.41,9.35,9.35,9.37,9.36,9.36,9.38,9.39,9.36,9.38,9.4,9.38,9.38,9.39,9.38,9.37,9.4,9.4,9.39,9.41,9.37,9.37,9.37,9.36,9.39,9.4,9.39,9.38,9.38,9.38,9.4,9.37,9.39,9.35,9.37,9.37,9.38,9.38,9.37,9.4,9.38,9.37,9.38,9.36,9.34,9.35,9.46,9.33,9.35,9.38,9.37,9.39,9.4,9.35,9.37,9.39,9.39,9.39,9.38,9.38,9.36,9.39,9.39,9.4,9.39,9.38,9.39,9.39,9.39,9.38,9.37,9.35,9.41,9.35,9.39,9.4,9.39,9.37,9.38,9.39,9.38,9.38,9.39,9.37,9.37,9.38,9.38,9.36,9.37,9.39,9.37,9.38,9.37,9.37,9.39,9.37,9.37,9.34,9.44,9.39,9.39,9.39,9.37,9.36,9.4,9.36,9.38,9.37,9.38,9.39,9.38,9.4,9.4,9.39,9.4,9.38,9.37,9.37,9.37,9.37,9.36,9.39,9.4,9.35,9.37,9.36,9.36,9.37,9.38,9.38,9.5,9.8,8.9,9.62,9.12,9.44,9.29,9.41,9.37,9.42,9.32,9.34,9.41,9.39,9.36,9.4,9.41,9.36,9.37,9.39,9.38,9.36,9.4,9.39,9.39,9.38,9.41,9.38,9.35,9.35,9.36,9.35,9.73,8.92,9.39,9.15,9.44,9.25,9.42,9.4,9.43,9.35,9.42,9.38,9.37,9.36,9.42,9.39,9.37,9.36,9.38,9.37,9.39,9.37,9.36,9.37,9.4,9.41,9.37,9.36,9.36,9.39,9.33,9.5,9.24,9.54,9.29,9.34,9.3,9.41,9.41,9.41,9.39,9.38,9.38,9.34,9.39,9.37,9.39,9.36,9.35,9.36,9.39,9.4,9.36,9.35,9.36,9.39,9.39,9.38,9.37,9.35,9.36,9.39,9.39,9.36,9.37,9.44,9.34,9.37,9.34,9.33,9.39,9.41,9.39,9.38,9.37,9.38,9.4,9.4,9.4,9.37,9.37,9.36,9.4,9.41,9.39,9.38,9.35,9.37,9.39,9.38,9.37,9.38,9.39,9.36,9.37,9.36,9.39,9.39,9.39,9.38,9.36,9.38,9.36,9.37,9.38,9.39,9.38,9.36,9.36,9.38,9.37,9.36,9.38,9.4,9.41,9.37,9.36,9.37
9.38,9.37,9.39,9.38,9.36,9.39,9.38,9.37,9.38,9.36,9.38,9.36,9.38,9.38,9.38,9.39,9.36,9.35,9.38,9.41,9.38,9.38,9.37,9.36,9.36,9.36,9.39,9.38,9.35,9.38,9.37,9.38,9.39,9.4,9.35,9.36,9.38,9.41,9.38,9.38,9.38,9.39,9.36,9.38,9.38,9.37,9.37,9.36,9.36,9.38,9.39,9.39,9.38,9.39,9.38,9.4,9.37,9.38,9.38,9.35,9.39,9.37,9.36,9.35,9.39,9.38,9.37,9.36,9.38,9.4,9.4,9.38,9.4,9.39,9.39,9.38,9.38,9.37,9.38,9.4,9.4,9.39,9.36,9.39,9.35,9.38,9.37,9.39,9.42,9.41,9.38,9.38,9.35,9.38,9.36,9.36,9.4,9.39,9.38,9.38,9.41,9.39,9.38,9.38,9.39,9.39,9.37,9.38,9.39,9.38,9.39,9.38,9.36,9.36,9.36,9.35,9.4,9.41,9.38,9.38,9.38,9.41,9.38,9.38,9.36,9.38,9.4,9.38,9.38,9.38,9.36,9.37,9.39,9.35,9.39,9.45,9.37,9.32,9.34,9.39,9.39,9.41,9.39,9.39,9.38,9.35,9.38,9.39,9.38,9.38,9.35,9.37,9.36,9.36,9.35,9.35,9.37,9.39,9.37,9.4,9.36,9.39,9.38,9.37,9.37,9.38,9.41,9.39,9.41,9.38,9.37,9.38,9.38,9.37,9.4,9.39,9.4,9.38,9.36,9.34,9.39,9.41,9.38,9.41,9.35,9.39,9.37,9.37,9.37,9.39,9.37,9.36,9.36,9.38,9.37,9.41,9.39,9.36,9.38,9.39,9.4,9.38,9.39,9.38,9.34,9.4,9.33,9.38,9.37,9.37,9.37,9.37,9.36,9.38,9.36,9.36,9.37,9.38,9.36,9.38,9.38,9.4,9.37,9.38,9.39,9.38,9.35,9.42,9.26,9.25,9.36,9.41,9.34,9.39,9.38,9.41,9.36,9.36,9.38,9.38,9.36,9.37,9.36,9.36,9.4,9.38,9.37,9.39,9.38,9.38,9.38,9.4,9.4,9.4,9.35,9.37,9.36,9.38,9.38,9.41,9.39,9.37,9.41,9.38,9.4,9.35,9.36,9.37,9.39,9.37,9.38,9.38,9.38,9.39,9.39,9.39,9.41,9.39,9.39,9.37,9.37,9.38,9.36,9.39,9.37,9.37,9.39,9.4,9.37,9.38,9.38,9.4,9.38,9.37,9.39,9.36,9.4,9.32,9.46,9.31,9.41,9.39,9.37,9.37,9.4,9.38,9.39,9.37,9.37,9.38,9.37,9.35,9.38,9.37,9.38,9.41,9.37,9.38,9.38,9.41,9.38,9.39,9.39,9.37,9.37,9.38,9.39,9.36,9.37,9.39,9.38,9.37,9.37,9.36,9.39,9.38,9.38,9.4,9.37,9.39,9.39,9.38,9.38,9.4,9.38,9.38,9.38,9.38,9.38,9.38,9.36,9.38,9.4,9.39,9.36,9.38,9.39,9.36,9.38,9.38,9.39,9.37,9.37,9.37,9.37,9.4,9.36,9.38,9.41,9.4,9.38,9.38,9.35,9.39,9.39,9.36,9.38,9.38,9.35,9.39,9.36,9.38,9.37,9.39,9.36,9.36,9.36,9.37,9.37,9.39,9.36,9.39,9.38,9.36,9.39,9.38,9.39,9.38,9.39,9.41
9.38,9.37,9.38,9.36,9.36,9.37,9.37,9.36,9.39,9.38,9.41,9.4,9.38,9.38,9.37,9.38,9.38,9.37,9.37,9.37,9.36,9.37,9.38,9.41,9.38,9.39,9.38,9.38,9.39,9.39,9.37,9.39,9.37,9.39,9.4,9.39,9.39,9.37,9.39,9.39,9.36,9.36,9.38,9.37,9.38,9.37,9.37,9.41,9.41,9.37,9.37,9.38,9.38,9.36,9.35,9.39,9.37,9.4,9.37,9.37,9.37,9.36,9.37,9.37,9.36,9.4,9.39,9.39,9.37,9.39,9.37,9.37,9.37,9.37,9.39,9.39,9.39,9.38,9.37,9.39,9.39,9.36,9.37,9.38,9.39,9.39,9.39,9.38,9.38,9.38,9.38,9.38,9.39,9.41,9.4,9.39,9.37,9.36,9.4,9.38,9.36,9.4,9.36,9.37,9.39,9.38,9.39,9.38,9.4,9.35,9.41,9.38,9.38,9.37,9.36,9.37,9.37,9.37,9.39,9.39,9.37,9.36,9.36,9.38,9.39,9.39,9.38,9.37,9.36,9.38,9.37,9.36,9.39,9.37,9.35,9.36,9.37,9.37,9.37,9.37,9.38,9.37,9.37,9.39,9.4,9.39,9.39,9.36,9.39,9.37,9.39,9.39,9.39,9.4,9.35,9.36,9.37,9.36,9.35,9.38,9.36,9.35,9.39,9.38,9.39,9.37,9.38,9.37,9.4,9.36,9.36,9.37,9.35,9.38,9.37,9.39,9.38,9.37,9.39,9.39,9.38,9.38,9.39,9.36,9.37,9.37,9.38,9.39,9.39,9.37,9.38,9.39,9.38,9.39,9.39,9.38,9.38,9.39,9.38,9.37,9.35,9.35,9.35,9.38,9.36,9.36,9.37,9.38,9.4,9.36,9.38,9.39,9.38,9.37,9.38,9.41,9.38,9.4,9.37,9.39,9.36,9.38,9.37,9.39,9.39,9.38,9.35,9.37,9.41,9.4,9.36,9.39,9.37,9.37,9.37,9.38,9.38,9.38,9.39,9.38,9.38,9.39,9.38,9.39,9.39,9.37,9.38,9.35,9.37,9.36,9.38,9.41,9.32,9.48,9.3,9.38,9.41,9.37,9.36,9.4,9.39,9.36,9.37,9.39,9.37,9.36,9.38,9.36,9.37,9.39,9.35,9.38,9.36,9.36,9.38,9.4,9.4,9.36,9.37,9.39,9.37,9.38,9.4,9.38,9.4,9.41,9.39,9.46,9.36,9.37,9.38,9.39,9.37,9.39,9.39,9.4,9.37,9.37,9.38,9.4,9.4,9.4,9.36,9.37,9.37,9.4,9.39,9.37,9.36,9.36,9.39,9.41,9.37,9.36,9.37,9.38,9.37,9.4,9.38,9.37,9.37,9.41,9.41,9.38,9.36,9.31,9.48,9.44,9.26,9.39,9.38,9.35,9.39,9.41,9.32,9.33,9.4,9.39,9.39,9.4,9.38,9.36,9.39,9.37,9.39,9.38,9.4,9.36,9.37,9.36,9.36,9.37,9.38,9.39,9.39,9.4,9.38,9.4,9.38,9.38,9.36,9.38,9.36,9.37,9.36,9.39,9.31,9.48,9.34,9.37,9.33,9.36,9.39,9.39,9.36,9.35,9.37,9.39,9.39,9.39,9.37,9.39,9.37,9.38,9.35,9.37,9.37,9.37,9.35,9.36,9.42,9.39,9.36,9.38,9.35,9.37,9.38,9.37,9.38,9.36
9.36,9.37,9.38,9.39,9.41,9.38,9.33,9.32,9.37,9.39,9.39,9.37,9.39,9.36,9.35,9.37,9.39,9.39,9.39,9.37,9.37,9.39,9.39,9.39,9.39,9.4,9.37,9.38,9.36,9.36,9.36,9.37,9.36,9.35,9.37,9.38,9.39,9.4,9.39,9.38,9.39,9.38,9.39,9.37,9.38,9.38,9.38,9.37,9.39,9.4,9.37,9.38,9.39,9.38,9.41,9.37,9.38,9.41,9.38,9.37,9.39,9.37,9.38,9.36,9.36,9.35,9.38,9.38,9.39,9.4,9.36,9.37,9.38,9.39,9.35,9.38,9.37,9.38,9.36,9.36,9.37,9.38,9.37,9.4,9.38,9.34,9.35,9.39,9.41,9.39,9.37,9.37,9.36,9.39,9.38,9.39,9.37,9.38,9.4,9.37,9.38,9.38,9.39,9.37,9.37,9.37,9.37,9.37,9.36,9.35,9.37,9.38,9.38,9.36,9.36,9.38,9.38,9.38,9.36,9.38,9.4,9.38,9.39,9.36,9.35,9.36,9.35,9.38,9.38,9.38,9.4,9.38,9.36,9.36,9.36,9.37,9.38,9.35,9.39,9.37,9.35,9.38,9.36,9.36,9.46,9.35,9.35,9.35,9.4,9.41,9.41,9.39,9.41,9.37,9.4,9.35,9.38,9.4,9.38,9.36,9.37,9.36,9.37,9.38,9.4,9.4,9.39,9.38,9.37,9.36,9.38,9.38,9.39,9.38,9.36,9.38,9.39,9.4,9.38,9.39,9.36,9.39,9.36,9.36,9.38,9.41,9.38,9.36,9.35,9.36,9.38,9.35,9.4,9.37,9.4,9.42,9.35,9.39,9.41,9.39,9.36,9.37,9.38,9.38,9.4,9.38,9.36,9.38,9.38,9.37,9.38,9.38,9.37,9.36,9.38,9.38,9.39,9.41,9.41,9.39,9.37,9.38,9.39,9.36,9.4,9.38,9.38,9.37,9.38,9.37,9.4,9.38,9.36,9.39,9.39,9.43,9.41,9.46,9.41,9.4,9.36,9.37,9.38,9.41,9.4,9.38,9.38,9.37,9.37,9.4,9.39,9.38,9.4,9.36,9.36,9.38,9.37,9.37,9.37,9.37,9.41,9.37,9.37,9.38,9.4,9.38,9.37,9.39,9.39,9.36,9.39,9.4,9.38,9.38,9.37,9.39,9.4,9.41,9.38,9.41,9.36,9.37,9.37,9.36,9.38,9.41,9.38,9.37,9.36,9.12,9.46,9.39,9.35,9.37,9.38,9.37,9.36,9.37,9.38,9.39,9.38,9.37,9.38,9.38,9.39,9.37,9.35,9.36,9.38,9.37,9.39,9.38,9.37,9.38,9.4,9.39,9.4,9.38,9.37,9.35,9.38,9.39,9.33,9.48,9.34,9.44,9.37,9.39,9.39,9.41,9.39,9.39,9.39,9.38,9.38,9.39,9.39,9.39,9.39,9.37,9.35,9.36,9.38,9.4,9.39,9.39,9.38,9.37,9.39,9.39,9.39,9.38,9.36,9.38,9.38,9.36,9.35,9.38,9.37,9.4,9.37,9.39,9.37,9.37,9.4,9.38,9.37,9.36,9.37,9.41,9.39,9.38,9.38,9.39,9.4,9.39,9.38,9.4,9.4,9.37,9.39,9.36,9.35,9.37,9.4,9.39,9.39,9.38,9.39,9.39,9.39,9.38,9.38,9.39,9.4,9.38,9.38,9.4,9.37,9.38
9.41,9.39,9.38,9.37,9.38,9.39,9.41,9.39,9.39,9.38,9.37,9.38,9.39,9.38,9.38,9.38,9.39,9.38,9.39,9.38,9.37,9.39,9.36,9.37,9.39,9.39,9.39,9.41,9.4,9.38,9.36,9.39,9.37,9.4,9.35,9.38,9.37,9.37,9.37,9.39,9.39,9.38,9.4,9.39,9.36,9.38,9.39,9.38,9.36,9.35,9.36,9.39,9.41,9.37,9.4,9.39,9.39,9.36,9.36,9.39,9.41,9.39,9.37,9.36,9.39,9.38,9.38,9.36,9.39,9.4,9.36,9.38,9.37,9.37,9.39,9.36,9.39,9.4,9.37,9.36,9.38,9.36,9.36,9.38,9.38,9.39,9.4,9.38,9.35,9.39,9.4,9.39,9.38,9.39,9.38,9.39,9.41,9.37,9.38,9.38,9.4,9.38,9.37,9.39,9.4,9.39,9.38,9.39,9.38,9.38,9.39,9.39,9.39,9.4,9.41,9.39,9.38,9.39,9.39,9.39,9.36,9.38,9.4,9.39,9.37,9.39,9.4,9.38,9.39,9.37,9.37,9.37,9.39,9.38,9.38,9.37,9.39,9.36,9.38,9.38,9.39,9.39,9.41,9.38,9.36,9.37,9.37,9.38,9.4,9.37,9.37,9.36,9.38,9.39,9.37,9.37,9.39,9.39,9.38,9.36,9.39,9.35,9.39,9.38,9.36,9.39,9.38,9.38,9.39,9.37,9.35,9.38,9.4,9.37,9.37,9.37,9.39,9.39,9.4,9.37,9.37,9.38,9.38,9.38,9.37,9.37,9.37,9.37,9.37,9.38,9.38,9.38,9.38,9.39,9.4,9.37,9.41,9.39,9.36,9.4,9.4,9.4,9.38,9.38,9.38,9.38,9.37,9.36,9.38,9.38,9.38,9.36,9.38,9.38,9.39,9.38,9.39,9.37,9.37,9.36,9.36,9.38,9.35,9.39,9.38,9.39,9.36,9.39,9.38,9.38,9.39,9.4,9.39,9.39,9.37,9.36,9.36,9.37,9.39,9.4,9.4,9.39,9.35,9.38,9.37,9.37,9.37,9.37,9.36,9.39,9.37,9.37,9.38,9.35,9.37,9.36,9.39,9.41,9.37,9.41,9.39,9.38,9.36,9.4,9.4,9.38,9.42,9.36,9.39,9.38,9.39,9.38,9.4,9.38,9.4,9.36,9.38,9.37,9.38,9.37,9.38,9.38,9.37,9.35,9.37,9.41,9.38,9.36,9.4,9.38,9.38,9.39,9.4,9.38,9.36,9.38,9.38,9.38,9.38,9.4,9.4,9.35,9.36,9.37,9.39,9.38,9.38,9.32,9.37,9.4,9.4,9.39,9.38,9.35,9.37,9.4,9.39,9.38,9.36,9.36,9.36,9.39,9.37,9.37,9.39,9.37,9.38,9.37,9.41,9.41,9.37,9.37,9.39,9.38,9.39,9.37,9.37,9.39,9.39,9.39,9.4,9.39,9.4,9.38,9.36,9.38,9.4,9.35,9.4,9.4,8.84,9.63,9.33,9.41,9.4,9.35,9.39,9.38,9.4,9.38,9.35,9.37,9.39,9.35,9.41,9.36,9.37,9.39,9.38,9.41,9.38,9.41,9.36,9.36,9.4,9.39,9.4,9.36,9.39,9.38,9.38,9.38,9.41,9.38,9.39,9.44,9.28,9.41,9.35,9.38,9.39,9.31,9.35,9.41,9.37,9.32,9.4,9.37,9.37,9.36
